lead_id,business_name,category,address,city,area,owner_name,phone,email,website,rating,review_count,source,scraped_date,country
NGA-915762,Motor Auto Centre,Auto Repair Shops,"69 Ozumba Mbadiwe Road, Udi, Enugu",Enugu,Udi,Adebayo Abubakar,+2340812305415,motorautocentre@yahoo.com,https://motorautocentre.org.ng,4.3,216,Google Maps / Web,2026-06-27 03:04:25,Nigeria
NGA-156650,Pristine Dry Clean Centre,Dry Cleaners,"189 Oba Akran Avenue, Naze, Owerri",Owerri,Naze,Olumide Abubakar,+2340903649189,pristinedrycleancentre@outlook.com,https://pristinedrycleancentre.ng,3.5,35,Google Maps / Web,2026-06-27 03:04:25,Nigeria
NGA-727227,Swift Plumbing Services,Plumbing Services,"14 Allen Avenue, Amechi, Enugu",Enugu,Amechi,Yetunde Adeyemi,+2340700641277,swiftplumbingservices@yahoo.com,https://swiftplumbingservices.ng,4.4,374,Google Maps / Web,2026-06-27 03:04:25,Nigeria
NGA-408054,Grand Restaurant,Restaurants,"12 Allen Avenue, Vwang, Jos",Jos,Vwang,Rashid Balogun,+2340918568393,grandrestaurant@hotmail.com,https://grandrestaurant.ng,4.4,36,Google Maps / Web,2026-06-27 03:04:25,Nigeria
NGA-661547,Elite Legal Practitioners,Law Firms,"80 Allen Avenue, Epe, Lagos",Lagos,Epe,Oladipo Uche,+2340703164645,elitelegalpractitioners@yahoo.com,https://elitelegalpractitioners.com,4.4,358,Google Maps / Web,2026-06-27 03:04:25,Nigeria
NGA-505847,Pizza Pizza Restaurant,Pizzerias,"64 Moloney Street, Woji, Port Harcourt",Port Harcourt,Woji,Rashid Nnamdi,+2340716675170,pizzapizzarestaurant@hotmail.com,https://pizzapizzarestaurant.biz,3.6,12,Google Maps / Web,2026-06-27 03:04:25,Nigeria
NGA-186567,Beauty Beauty Lounge,Hair Salons,"67 Kakawa Street, Fagge, Kano",Kano,Fagge,Chinedu Adebayo,+2340806370653,beautybeautylounge@gmail.com,https://beautybeautylounge.org.ng,4.0,148,Google Maps / Web,2026-06-27 03:04:25,Nigeria
NGA-690741,Radiance Beauty Studio,Beauty Salons,"52 Broad Street, Asokoro, Abuja",Abuja,Asokoro,Adaeze Okoro,+2340709394930,radiancebeautystudio@outlook.com,https://radiancebeautystudio.org.ng,4.1,66,Google Maps / Web,2026-06-27 03:04:25,Nigeria
NGA-605976,Pet Dog Grooming,Pet Groomers,"71 Ikeja Way, Badagry, Lagos",Lagos,Badagry,Yetunde Suleiman,+2340809042871,petdoggrooming@yahoo.com,https://petdoggrooming.com,4.7,106,Google Maps / Web,2026-06-27 03:04:25,Nigeria
NGA-412520,Turbo Motor Works,Auto Repair Shops,"170 Ikeja Way, Gwarinpa, Abuja",Abuja,Gwarinpa,Funke Adeyemi,+2340907302118,turbomotorworks@yahoo.com,https://turbomotorworks.org.ng,4.1,28,Google Maps / Web,2026-06-27 03:04:25,Nigeria
NGA-777575,Pet Pet Groomers,Pet Groomers,"163 Ojo Road, Lamisula, Maiduguri",Maiduguri,Lamisula,Yetunde Chukwu,+2340910429627,petpetgroomers@hotmail.com,https://petpetgroomers.com,3.8,453,Google Maps / Web,2026-06-27 03:04:25,Nigeria
NGA-190858,Electro Tech Hub,Electronics Shops,"147 Abijo, Ikot Ekpenyong, Calabar",Calabar,Ikot Ekpenyong,Adeola Suleiman,+2340913692509,electrotechhub@gmail.com,https://electrotechhub.ng,4.4,437,Google Maps / Web,2026-06-27 03:04:25,Nigeria
NGA-361653,Premium Real Estate Solutions,Real Estate Agencies,"44 Moloney Street, Garki, Abuja",Abuja,Garki,Adebayo Udo,+2340804903020,premiumrealestatesolutions@gmail.com,https://premiumrealestatesolutions.com,4.5,388,Google Maps / Web,2026-06-27 03:04:25,Nigeria
NGA-205275,Floral Florist,Flower Shops,"25 Billings Way, Karewa, Yola",Yola,Karewa,Ade Adebayo,+2340712821798,floralflorist@hotmail.com,https://floralflorist.ng,3.6,373,Google Maps / Web,2026-06-27 03:04:25,Nigeria
NGA-336450,Blooming Bloom Shop,Flower Shops,"61 Kofi Annan Street, Oji River, Enugu",Enugu,Oji River,Oluwadamilola Eze,+2340911771291,bloomingbloomshop@yahoo.com,https://bloomingbloomshop.com,4.5,146,Google Maps / Web,2026-06-27 03:04:25,Nigeria
NGA-830880,Care Medical Store,Pharmacies,"195 Mobolaji Bank Anthony Marina Road, Mpape, Abuja",Abuja,Mpape,Adebayo Adeyemi,+2340702663498,caremedicalstore@hotmail.com,https://caremedicalstore.com,4.9,226,Google Maps / Web,2026-06-27 03:04:25,Nigeria
NGA-834001,Fresh Barber House,Barber Shops,"73 Kodesoh Street, Tudun Wada, Kaduna",Kaduna,Tudun Wada,Halima Adekunle,+2340803503418,freshbarberhouse@hotmail.com,https://freshbarberhouse.ng,3.6,330,Google Maps / Web,2026-06-27 03:04:25,Nigeria
NGA-608651,Pro Electronics Store,Electronics Shops,"109 Adeniyi Jones Avenue, Igbona, Oshogbo",Oshogbo,Igbona,Halima Suleiman,+2340910850497,proelectronicsstore@outlook.com,https://proelectronicsstore.org.ng,4.0,484,Google Maps / Web,2026-06-27 03:04:25,Nigeria
NGA-790978,Flow Plumbing,Plumbing Services,"58 Opebi Road, Ugbowo, Benin City",Benin City,Ugbowo,Fatima Eze,+2340807071417,flowplumbing@gmail.com,https://flowplumbing.com,4.8,115,Google Maps / Web,2026-06-27 03:04:25,Nigeria
NGA-166875,Life Family Clinic,Medical Clinics,"66 Johnson Street, Okhoro, Benin City",Benin City,Okhoro,Tunde Lawal,+2340718602009,lifefamilyclinic@yahoo.com,https://lifefamilyclinic.com,3.9,453,Google Maps / Web,2026-06-27 03:04:25,Nigeria
NGA-972610,Tidy Press House,Dry Cleaners,"182 Awolowo Road, Ikot Effanga, Calabar",Calabar,Ikot Effanga,Obinna Adeyemi,+2340805652026,tidypresshouse@yahoo.com,https://tidypresshouse.com,4.2,431,Google Maps / Web,2026-06-27 03:04:25,Nigeria
NGA-940654,Book Bookshop,Bookstores,"13 Allen Roundabout, Tarauni, Kano",Kano,Tarauni,Halima Uche,+2340913605726,bookbookshop@outlook.com,https://bookbookshop.com.ng,4.9,299,Google Maps / Web,2026-06-27 03:04:25,Nigeria
NGA-690502,Pet Pet Care Clinic,Veterinary Clinics,"63 Independence Layout, Uwanse, Calabar",Calabar,Uwanse,Nkechi Balogun,+2340704864661,petpetcareclinic@hotmail.com,https://petpetcareclinic.org.ng,4.1,121,Google Maps / Web,2026-06-27 03:04:25,Nigeria
NGA-170466,Golden Realty,Real Estate Agencies,"113 Ola-Ayinde Street, Balogun Fulani, Ilorin",Ilorin,Balogun Fulani,Aderonke Oladipo,+2340818526074,goldenrealty@gmail.com,https://goldenrealty.com,4.6,161,Google Maps / Web,2026-06-27 03:04:25,Nigeria
NGA-123231,Paw Animal Clinic,Veterinary Clinics,"13 Adeyemo Alakija Street, Uwelu Road, Benin City",Benin City,Uwelu Road,Ebere Okoro,+2340719197555,pawanimalclinic@outlook.com,https://pawanimalclinic.biz,3.8,65,Google Maps / Web,2026-06-27 03:04:25,Nigeria
NGA-255486,Frame Studio,Photo Studios,"120 Allen Avenue, Zuma Road, Lokoja",Lokoja,Zuma Road,Oluwadamilola Abubakar,+2340802425995,framestudio@hotmail.com,https://framestudio.org.ng,4.1,299,Google Maps / Web,2026-06-27 03:04:25,Nigeria
NGA-442825,Quick Car Wash & Detailing,Car Washes,"52 Festac Mile 2, Sabon Tasha, Kaduna",Kaduna,Sabon Tasha,Chukwuemeka Adekunle,+2340702526375,quickcarwashanddetailing@yahoo.com,https://quickcarwashanddetailing.com,3.6,375,Google Maps / Web,2026-06-27 03:04:25,Nigeria
NGA-113603,Divine Health Centre,Medical Clinics,"137 Adeniyi Jones Avenue, Eliozu, Port Harcourt",Port Harcourt,Eliozu,Nnamdi Nwosu,+2340818442375,divinehealthcentre@outlook.com,https://divinehealthcentre.ng,4.7,314,Google Maps / Web,2026-06-27 03:04:25,Nigeria
NGA-530059,Page Book Centre,Bookstores,"59 Johnson Street, Brahma Road, Lokoja",Lokoja,Brahma Road,Babajide Adeyemi,+2340802097789,pagebookcentre@gmail.com,https://pagebookcentre.com,5.0,380,Google Maps / Web,2026-06-27 03:04:25,Nigeria
NGA-690243,Sterling Real Estate Solutions,Real Estate Agencies,"24 Kofi Annan Street, Ugbowo, Benin City",Benin City,Ugbowo,Adebayo Okonkwo,+2340709670197,sterlingrealestatesolutions@outlook.com,https://sterlingrealestatesolutions.com,3.8,8,Google Maps / Web,2026-06-27 03:04:25,Nigeria
NGA-840917,Apex Solicitors,Law Firms,"29 Badagry Expressway, Barracks, Lokoja",Lokoja,Barracks,Olumide Udo,+2340718939690,apexsolicitors@yahoo.com,https://apexsolicitors.biz,4.6,267,Google Maps / Web,2026-06-27 03:04:25,Nigeria
NGA-687141,Tasty Grill,Restaurants,"64 Allen Avenue, Sabon Tasha, Kaduna",Kaduna,Sabon Tasha,Chi Abubakar,+2340702130398,tastygrill@yahoo.com,https://tastygrill.org.ng,4.8,332,Google Maps / Web,2026-06-27 03:04:25,Nigeria
NGA-470937,Peak Fitness Club,Gyms,"69 Johnson Street, Mapo, Ibadan",Ibadan,Mapo,Rashidat Balogun,+2340906416150,peakfitnessclub@hotmail.com,https://peakfitnessclub.biz,4.8,91,Google Maps / Web,2026-06-27 03:04:25,Nigeria
NGA-886513,Quick Wash Station,Car Washes,"83 Kodesoh Street, Ohuru, Aba",Aba,Ohuru,Oluwatobi Okafor,+2340708633331,quickwashstation@gmail.com,https://quickwashstation.com.ng,3.7,175,Google Maps / Web,2026-06-27 03:04:25,Nigeria
NGA-698910,Aqua Plumbing Experts,Plumbing Services,"170 Kodesoh Street, Asokoro, Abuja",Abuja,Asokoro,Tunde Ibe,+2340700473218,aquaplumbingexperts@yahoo.com,https://aquaplumbingexperts.com,3.8,239,Google Maps / Web,2026-06-27 03:04:25,Nigeria
NGA-704110,Pawsome Pet Grooming,Pet Groomers,"105 Sangotedo, Keesi, Abeokuta",Abeokuta,Keesi,Oluwadamilola Nwosu,+2340914838598,pawsomepetgrooming@gmail.com,https://pawsomepetgrooming.ng,4.7,284,Google Maps / Web,2026-06-27 03:04:25,Nigeria
NGA-921005,Comfort Cooling Systems,HVAC Services,"27 Badagry Expressway, Mpape, Abuja",Abuja,Mpape,Emeka Abubakar,+2340802549515,comfortcoolingsystems@gmail.com,https://mfortolingsystems.org.ng,3.8,240,Google Maps / Web,2026-06-27 03:04:25,Nigeria
NGA-198265,King Barber Parlour,Barber Shops,"2 Lekki Epe Expressway, Lekki, Lagos",Lagos,Lekki,Oluwaseun Ibe,+2340804151095,kingbarberparlour@hotmail.com,https://kingbarberparlour.biz,4.4,407,Google Maps / Web,2026-06-27 03:04:25,Nigeria
NGA-386915,Green Pub,Bars,"15 Badagry Expressway, Gwange, Maiduguri",Maiduguri,Gwange,Adeel Balogun,+2340711853567,greenpub@yahoo.com,https://greenpub.com.ng,3.9,87,Google Maps / Web,2026-06-27 03:04:25,Nigeria
NGA-331195,Master Pipe Services,Plumbers,"94 Ola-Ayinde Street, Rumde, Yola",Yola,Rumde,Nkechi Okonkwo,+2340805771857,masterpipeservices@outlook.com,https://masterpipeservices.com,4.3,259,Google Maps / Web,2026-06-27 03:04:25,Nigeria
NGA-409921,Divine Bakery,Bakeries,"128 Nnamdi Azikiwe Street, Ikot Okubo, Calabar",Calabar,Ikot Okubo,Nnamdi Okoro,+2340809233728,divinebakery@hotmail.com,https://divinebakery.biz,3.7,174,Google Maps / Web,2026-06-27 03:04:25,Nigeria
NGA-477823,Peace Yoga Space,Yoga Studios,"90 Independence Layout, Ikeja, Lagos",Lagos,Ikeja,Aisha Suleiman,+2340703220815,peaceyogaspace@yahoo.com,https://peaceyogaspace.org.ng,3.6,312,Google Maps / Web,2026-06-27 03:04:25,Nigeria
NGA-728684,Elite Real Estate Solutions,Real Estate Agencies,"3 Adetokunbo Ademola Road, Old Market, Lokoja",Lokoja,Old Market,Nnenna Ogundimu,+2340812346442,eliterealestatesolutions@yahoo.com,https://eliterealestatesolutions.ng,4.3,379,Google Maps / Web,2026-06-27 03:04:25,Nigeria
NGA-812368,Sharp Barber Parlour,Barber Shops,"111 Adeola Odeku Street, Rumde, Yola",Yola,Rumde,Adejare Musa,+2340918353338,sharpbarberparlour@outlook.com,https://sharpbarberparlour.org.ng,4.8,303,Google Maps / Web,2026-06-27 03:04:25,Nigeria
NGA-666598,Elite Beauty Studio,Beauty Salons,"172 Abijo, Gada Biu, Jos",Jos,Gada Biu,Halima Ibe,+2340801899790,elitebeautystudio@yahoo.com,https://elitebeautystudio.com.ng,4.7,149,Google Maps / Web,2026-06-27 03:04:25,Nigeria
NGA-853061,Sweet Bakery,Bakeries,"30 Oba Akran Avenue, Ihiagwa, Owerri",Owerri,Ihiagwa,Amaka Okonkwo,+2340710236174,sweetbakery@hotmail.com,https://sweetbakery.org.ng,4.1,310,Google Maps / Web,2026-06-27 03:04:25,Nigeria
NGA-663673,Wellness Pharmacy Shop,Pharmacies,"96 Marina Road, Ajah, Lagos",Lagos,Ajah,Amina Ezenwa,+2340813372463,wellnesspharmacyshop@gmail.com,https://wellnesspharmacyshop.ng,3.6,181,Google Maps / Web,2026-06-27 03:04:25,Nigeria
NGA-982385,Tasty Culinary Services,Caterers,"114 Allen Avenue, Nasarawa, Kano",Kano,Nasarawa,Adeola Okafor,+2340801060800,tastyculinaryservices@gmail.com,https://tastyculinaryservices.org.ng,3.9,455,Google Maps / Web,2026-06-27 03:04:25,Nigeria
NGA-233760,Chic Style Studio,Clothing Boutiques,"82 Ajah, Mpape, Abuja",Abuja,Mpape,Olumide Okafor,+2340719928692,chicstylestudio@outlook.com,https://chicstylestudio.ng,4.0,174,Google Maps / Web,2026-06-27 03:04:25,Nigeria
NGA-817041,Justice Law Firm,Law Firms,"108 Adeyemo Alakija Street, Lagos Island, Lagos",Lagos,Lagos Island,Adejare Eze,+2340907194684,justicelawfirm@gmail.com,https://justicelawfirm.org.ng,3.9,60,Google Maps / Web,2026-06-27 03:04:25,Nigeria
NGA-523351,Thread Stitch Studio,Tailor Shops,"44 Ikorodu Road, Wuro Hausa, Yola",Yola,Wuro Hausa,Chukwudi Abubakar,+2340817149983,threadstitchstudio@hotmail.com,https://threadstitchstudio.ng,4.8,16,Google Maps / Web,2026-06-27 03:04:25,Nigeria
NGA-725330,Gleam Clean Car Co.,Car Washes,"154 Johnson Street, Mando, Kaduna",Kaduna,Mando,Babajide Olawale,+2340713374643,gleamcleancarco@hotmail.com,https://gleamcleancar.com.ng,5.0,38,Google Maps / Web,2026-06-27 03:04:25,Nigeria
NGA-515566,Fit Fitness Studio,Gyms,"188 Victoria Island, Ikot Ansa, Calabar",Calabar,Ikot Ansa,Oladipo Suleiman,+2340804707568,fitfitnessstudio@hotmail.com,https://fitfitnessstudio.ng,3.9,413,Google Maps / Web,2026-06-27 03:04:25,Nigeria
NGA-454930,Pizza Italian Pizza,Pizzerias,"133 Agungi, Gwadabawa, Yola",Yola,Gwadabawa,Yetunde Nnamdi,+2340919884426,pizzaitalianpizza@yahoo.com,https://pizzaitalianpizza.biz,4.8,205,Google Maps / Web,2026-06-27 03:04:25,Nigeria
NGA-657393,Health Vet Clinic,Veterinary Clinics,"191 Kofi Annan Street, Iranje, Abeokuta",Abeokuta,Iranje,Oladipo Adeyemi,+2340919461976,healthvetclinic@hotmail.com,https://healthvetclinic.org.ng,4.8,334,Google Maps / Web,2026-06-27 03:04:25,Nigeria
NGA-612141,Royal Hospital,Medical Clinics,"79 Johnson Street, Rumuola, Port Harcourt",Port Harcourt,Rumuola,Adebayo Adekunle,+2340905274320,royalhospital@gmail.com,https://royalhospital.biz,3.5,27,Google Maps / Web,2026-06-27 03:04:25,Nigeria
NGA-406396,Life Pharmacy Centre,Pharmacies,"111 Oregun Road, Oloje, Ilorin",Ilorin,Oloje,Chukwuemeka Okafor,+2340910547566,lifepharmacycentre@outlook.com,https://lifepharmacycentre.com.ng,5.0,223,Google Maps / Web,2026-06-27 03:04:25,Nigeria
NGA-724665,Fine Food Services,Caterers,"83 Oregun Road, Oke Mosan, Abeokuta",Abeokuta,Oke Mosan,Oladipo Okoro,+2340818607253,finefoodservices@outlook.com,https://finefoodservices.com.ng,4.7,9,Google Maps / Web,2026-06-27 03:04:25,Nigeria
NGA-620051,Art Photo Gallery,Photo Studios,"178 Lekki Epe Expressway, Ikoyi, Lagos",Lagos,Ikoyi,Uche Musa,+2340816498271,artphotogallery@outlook.com,https://artphotogallery.com.ng,4.8,178,Google Maps / Web,2026-06-27 03:04:25,Nigeria
NGA-352947,Animal Animal Clinic,Veterinary Clinics,"59 Badagry Expressway, Isale Oja, Oshogbo",Oshogbo,Isale Oja,Nnamdi Adesina,+2340917652392,animalanimalclinic@hotmail.com,https://animalanimalclinic.ng,4.1,64,Google Maps / Web,2026-06-27 03:04:25,Nigeria
NGA-731505,Care Drug Store,Pharmacies,"31 Allen Avenue, Badarawa, Kaduna",Kaduna,Badarawa,Chukwuemeka Chukwu,+2340915126055,caredrugstore@yahoo.com,https://caredrugstore.ng,4.6,131,Google Maps / Web,2026-06-27 03:04:25,Nigeria
NGA-918942,Blooming Floral Design,Flower Shops,"31 Mobolaji Bank Anthony Marina Road, Adesuwa, Benin City",Benin City,Adesuwa,Ade Olawale,+2340918419654,bloomingfloraldesign@gmail.com,https://bloomingfloraldesign.com,4.2,357,Google Maps / Web,2026-06-27 03:04:25,Nigeria
NGA-172822,Med Diagnostic Centre,Medical Clinics,"140 Johnson Street, Mapo, Ibadan",Ibadan,Mapo,Uche Lawal,+2340710423087,meddiagnosticcentre@hotmail.com,https://meddiagnosticcentre.ng,3.6,97,Google Maps / Web,2026-06-27 03:04:25,Nigeria
NGA-186932,Bloom Floral Shop,Flower Shops,"55 Sangotedo, Isabo, Abeokuta",Abeokuta,Isabo,Halima Okafor,+2340908264612,bloomfloralshop@yahoo.com,https://bloomfloralshop.org.ng,4.2,397,Google Maps / Web,2026-06-27 03:04:25,Nigeria
NGA-952575,Master Auto Centre,Auto Repair Shops,"110 Billings Way, Damboa, Maiduguri",Maiduguri,Damboa,Adaeze Ibrahim,+2340708994007,masterautocentre@yahoo.com,https://masterautocentre.ng,3.9,293,Google Maps / Web,2026-06-27 03:04:25,Nigeria
NGA-497379,Vogue Fashion Hub,Clothing Boutiques,"20 Moloney Street, Isiekpe, Umuahia",Umuahia,Isiekpe,Chukwudi Nnamdi,+2340709084577,voguefashionhub@outlook.com,https://voguefashionhub.org.ng,3.5,55,Google Maps / Web,2026-06-27 03:04:25,Nigeria
NGA-968439,Expert Tax & Financial,Tax Consultants,"181 Oregun Road, Gwale, Kano",Kano,Gwale,Chiamaka Okoro,+2340710186637,experttaxandfinancial@yahoo.com,https://experttaxandfinancial.ng,4.4,38,Google Maps / Web,2026-06-27 03:04:25,Nigeria
NGA-910642,Care Dental Office,Dental Clinics,"33 Adeola Odeku Street, Umuchima, Owerri",Owerri,Umuchima,Babajide Adekunle,+2340801734146,caredentaloffice@hotmail.com,https://caredentaloffice.biz,4.8,90,Google Maps / Web,2026-06-27 03:04:25,Nigeria
NGA-531152,Smart Electronics Mart,Electronics Shops,"196 Ikeja Way, Barracks, Lokoja",Lokoja,Barracks,Aderonke Eze,+2340713666441,smartelectronicsmart@hotmail.com,https://smartelectronicsmart.org.ng,4.0,291,Google Maps / Web,2026-06-27 03:04:25,Nigeria
NGA-531117,Bella Beauty Studio,Beauty Salons,"87 Independence Layout, Gada Biu, Jos",Jos,Gada Biu,Adeola Abubakar,+2340808852512,bellabeautystudio@outlook.com,https://bellabeautystudio.com.ng,3.7,369,Google Maps / Web,2026-06-27 03:04:25,Nigeria
NGA-300040,Gourmet Food Services,Caterers,"86 Adeniyi Jones Avenue, Eleme, Port Harcourt",Port Harcourt,Eleme,Chi Adekunle,+2340907566668,gourmetfoodservices@outlook.com,https://gourmetfoodservices.ng,4.2,69,Google Maps / Web,2026-06-27 03:04:25,Nigeria
NGA-912157,Delicious Banquet Services,Caterers,"169 Independence Layout, Puja, Lokoja",Lokoja,Puja,Oladipo Ibrahim,+2340718406053,deliciousbanquetservices@hotmail.com,https://deliciousbanquetservices.com.ng,3.8,311,Google Maps / Web,2026-06-27 03:04:25,Nigeria
NGA-781353,Expert Tax Firm,Tax Consultants,"150 Sangotedo, Ajikobi, Ilorin",Ilorin,Ajikobi,Adeola Ogundimu,+2340910091993,experttaxfirm@yahoo.com,https://experttaxfirm.com,4.3,383,Google Maps / Web,2026-06-27 03:04:25,Nigeria
NGA-260063,Gold Jewelry House,Jewelry Stores,"65 Awolowo Road, Badarawa, Kaduna",Kaduna,Badarawa,Folake Okafor,+2340817041508,goldjewelryhouse@yahoo.com,https://goldjewelryhouse.biz,4.8,42,Google Maps / Web,2026-06-27 03:04:25,Nigeria
NGA-966796,Scenic Grounds Maintenance,Landscapers,"199 Adetokunbo Ademola Road, Okene Road, Ilorin",Ilorin,Okene Road,Ade Ogundimu,+2340913037155,scenicgroundsmaintenance@gmail.com,https://scenicgroundsmaintenance.com,4.6,160,Google Maps / Web,2026-06-27 03:04:25,Nigeria
NGA-635991,Bella Beauty Bar,Beauty Salons,"83 Awolowo Road, Karewa, Yola",Yola,Karewa,Emeka Nwosu,+2340901837193,bellabeautybar@gmail.com,https://bellabeautybar.com,4.6,409,Google Maps / Web,2026-06-27 03:04:25,Nigeria
NGA-823594,Sharp Press House,Dry Cleaners,"27 King George V Road, Igbona, Oshogbo",Oshogbo,Igbona,Amina Adeyemi,+2340708586239,sharppresshouse@gmail.com,https://sharppresshouse.ng,4.4,397,Google Maps / Web,2026-06-27 03:04:25,Nigeria
NGA-345931,Fine Restaurant & Bar,Restaurants,"86 Billings Way, Brahma Road, Lokoja",Lokoja,Brahma Road,Folake Musa,+2340806949675,finerestaurantandbar@yahoo.com,https://finerestaurantandbar.com,4.2,37,Google Maps / Web,2026-06-27 03:04:25,Nigeria
NGA-935896,Aroma Coffee Lounge,Coffee Shops,"77 Independence Layout, Ikot Effanga, Calabar",Calabar,Ikot Effanga,Ngozi Ibe,+2340814391434,aromacoffeelounge@outlook.com,https://aromaffeelounge.com.ng,4.5,331,Google Maps / Web,2026-06-27 03:04:25,Nigeria
NGA-943447,Pristine Cleaning Services,Dry Cleaners,"64 Moloney Street, Shuwari, Kano",Kano,Shuwari,Oladipo Okonkwo,+2340818284388,pristinecleaningservices@outlook.com,https://pristinecleaningservices.com.ng,4.9,139,Google Maps / Web,2026-06-27 03:04:25,Nigeria
NGA-217477,Royal Restaurant Lounge,Restaurants,"80 Kakawa Street, Olugbemi, Oshogbo",Oshogbo,Olugbemi,Ade Udo,+2340916629043,royalrestaurantlounge@yahoo.com,https://royalrestaurantlounge.org.ng,4.7,181,Google Maps / Web,2026-06-27 03:04:25,Nigeria
NGA-969212,Animal Care Vet Services,Veterinary Clinics,"33 Ikeja Way, Isale Oja, Oshogbo",Oshogbo,Isale Oja,Adebayo Adesina,+2340711110050,animalcarevetservices@hotmail.com,https://animalcarevetservices.com.ng,4.8,295,Google Maps / Web,2026-06-27 03:04:25,Nigeria
NGA-119371,Earth Landscape Design,Landscapers,"79 Ajah, Kabong, Jos",Jos,Kabong,Tajudeen Musa,+2340811527678,earthlandscapedesign@yahoo.com,https://earthlandscapedesign.com.ng,4.1,250,Google Maps / Web,2026-06-27 03:04:25,Nigeria
NGA-564644,Clean Laundry,Dry Cleaners,"107 Sangotedo, Rayfield, Jos",Jos,Rayfield,Halima Lawal,+2340814171277,cleanlaundry@outlook.com,https://cleanlaundry.ng,4.5,147,Google Maps / Web,2026-06-27 03:04:25,Nigeria
NGA-906672,Tasty Kitchen,Caterers,"164 Opebi Road, Egbu, Owerri",Owerri,Egbu,Oluwadamilola Okonkwo,+2340710732589,tastykitchen@yahoo.com,https://tastykitchen.org.ng,4.3,392,Google Maps / Web,2026-06-27 03:04:25,Nigeria
NGA-774083,Serenity Yoga & Meditation,Yoga Studios,"170 Nnamdi Azikiwe Street, Garki, Abuja",Abuja,Garki,Chukwudi Udo,+2340800616865,serenityyogaandmeditation@hotmail.com,https://serenityyogaandmeditation.com.ng,4.5,321,Google Maps / Web,2026-06-27 03:04:25,Nigeria
NGA-357763,Justice Chambers,Law Firms,"123 Ikorodu Road, Nsukka, Enugu",Enugu,Nsukka,Oluwaseun Oladipo,+2340802805561,justicechambers@outlook.com,https://justicechambers.com,4.7,436,Google Maps / Web,2026-06-27 03:04:25,Nigeria
NGA-879822,Scenic Lawn Care,Landscapers,"154 Nnamdi Azikiwe Street, Umuohu, Umuahia",Umuahia,Umuohu,Adeel Suleiman,+2340703201641,sceniclawncare@gmail.com,https://sceniclawncare.biz,4.8,246,Google Maps / Web,2026-06-27 03:04:25,Nigeria
NGA-797955,Pro Air Tech,HVAC Services,"168 Johnson Street, Mapo, Ibadan",Ibadan,Mapo,Nnamdi Uche,+2340818387978,proairtech@outlook.com,https://proairtech.com.ng,4.9,397,Google Maps / Web,2026-06-27 03:04:25,Nigeria
NGA-854101,Royal Bread Co.,Bakeries,"5 Nnamdi Azikiwe Street, Tarauni, Kano",Kano,Tarauni,Adeola Eze,+2340908500172,royalbreadco@hotmail.com,https://royalbread.ng,3.5,274,Google Maps / Web,2026-06-27 03:04:25,Nigeria
NGA-989087,Elite Gym Studio,Gyms,"109 Oba Akran Avenue, Idi Oro, Abeokuta",Abeokuta,Idi Oro,Nnamdi Ademola,+2340916092264,elitegymstudio@outlook.com,https://elitegymstudio.com.ng,3.9,381,Google Maps / Web,2026-06-27 03:04:25,Nigeria
NGA-663742,Gentleman Cut Studio,Barber Shops,"176 Adeyemo Alakija Street, GRA, Benin City",Benin City,GRA,Adeola Uche,+2340705584258,gentlemancutstudio@gmail.com,https://gentlemancutstudio.com,4.3,242,Google Maps / Web,2026-06-27 03:04:25,Nigeria
NGA-963212,Expert Tech Hub,Electronics Shops,"148 Allen Avenue, Modeke, Oshogbo",Oshogbo,Modeke,Folake Okafor,+2340916027992,experttechhub@gmail.com,https://experttechhub.biz,3.9,21,Google Maps / Web,2026-06-27 03:04:25,Nigeria
NGA-260590,Expert Plumbing Co.,Plumbers,"39 Opebi Road, Obinze, Owerri",Owerri,Obinze,Olumide Okonkwo,+2340908827878,expertplumbingco@outlook.com,https://expertplumbing.com,5.0,208,Google Maps / Web,2026-06-27 03:04:25,Nigeria
NGA-358572,Gentle Dental Office,Dental Clinics,"118 Ajah, Ijare, Akure",Akure,Ijare,Babajide Adekunle,+2340914644271,gentledentaloffice@outlook.com,https://gentledentaloffice.biz,4.9,317,Google Maps / Web,2026-06-27 03:04:25,Nigeria
NGA-336507,Wash Express Wash,Car Washes,"33 Oregun Road, Puja, Lokoja",Lokoja,Puja,Oladipo Okonkwo,+2340804289013,washexpresswash@yahoo.com,https://washexpresswash.biz,4.7,353,Google Maps / Web,2026-06-27 03:04:25,Nigeria
NGA-709122,Exquisite Catering,Caterers,"154 Mobolaji Bank Anthony Marina Road, Okhoro, Benin City",Benin City,Okhoro,Chigozie Ogundimu,+2340912163735,exquisitecatering@gmail.com,https://exquisitecatering.ng,4.6,197,Google Maps / Web,2026-06-27 03:04:25,Nigeria
NGA-463682,Urban Grooming Studio,Barber Shops,"102 Ikeja Way, Epe, Lagos",Lagos,Epe,Tajudeen Suleiman,+2340718541956,urbangroomingstudio@outlook.com,https://urbangroomingstudio.com,4.0,421,Google Maps / Web,2026-06-27 03:04:25,Nigeria
NGA-802380,Coffee Cafe & Bakery,Coffee Shops,"56 Adeyemo Alakija Street, Abbaganaram, Maiduguri",Maiduguri,Abbaganaram,Adebayo Musa,+2340805311988,coffeecafeandbakery@yahoo.com,https://ffeecafeandbakery.com.ng,4.0,76,Google Maps / Web,2026-06-27 03:04:25,Nigeria
NGA-216668,Animal Animal Health Centre,Veterinary Clinics,"61 Johnson Street, Gada Biu, Jos",Jos,Gada Biu,Oluwadamilola Suleiman,+2340800122954,animalanimalhealthcentre@hotmail.com,https://animalanimalhealthcentre.ng,4.0,393,Google Maps / Web,2026-06-27 03:04:25,Nigeria
NGA-620040,The Pub,Bars,"79 Adetokunbo Ademola Road, Isale Oja, Oshogbo",Oshogbo,Isale Oja,Chinedu Adesina,+2340710892888,thepub@gmail.com,https://thepub.ng,4.9,101,Google Maps / Web,2026-06-27 03:04:25,Nigeria
NGA-158091,Fluffy Dog Grooming,Pet Groomers,"9 Johnson Street, Uwelu Road, Benin City",Benin City,Uwelu Road,Chukwuemeka Adekunle,+2340907770486,fluffydoggrooming@gmail.com,https://fluffydoggrooming.biz,3.6,225,Google Maps / Web,2026-06-27 03:04:25,Nigeria
NGA-910041,Shine Car Detailing,Car Washes,"149 Ahmadu Bello Way, Namtari, Yola",Yola,Namtari,Halima Eze,+2340900775881,shinecardetailing@hotmail.com,https://shinecardetailing.org.ng,4.0,182,Google Maps / Web,2026-06-27 03:04:25,Nigeria
NGA-549474,Pro Fitness Centre,Gyms,"82 Allen Roundabout, Eldorov, Calabar",Calabar,Eldorov,Oluwadamilola Lawal,+2340916286571,profitnesscentre@yahoo.com,https://profitnesscentre.com,3.8,137,Google Maps / Web,2026-06-27 03:04:25,Nigeria
NGA-184423,Elite Jewelry Boutique,Jewelry Stores,"130 Awolowo Way, Iva, Enugu",Enugu,Iva,Adeola Ezenwa,+2340818521690,elitejewelryboutique@outlook.com,https://elitejewelryboutique.com.ng,3.7,317,Google Maps / Web,2026-06-27 03:04:25,Nigeria
NGA-623236,Garden Garden Services,Landscapers,"13 Oregun Road, Ikot Okubo, Calabar",Calabar,Ikot Okubo,Rashidat Ibe,+2340701886557,gardengardenservices@outlook.com,https://gardengardenservices.biz,4.5,240,Google Maps / Web,2026-06-27 03:04:25,Nigeria
NGA-160037,Radiance Wellness Spa,Beauty Salons,"56 Tiamiyu Savage Street, Gwange, Maiduguri",Maiduguri,Gwange,Rashid Okafor,+2340809511284,radiancewellnessspa@yahoo.com,https://radiancewellnessspa.biz,3.8,277,Google Maps / Web,2026-06-27 03:04:25,Nigeria
NGA-981781,Pristine Dry Cleaning,Dry Cleaners,"77 Kodesoh Street, Yan Shanu, Jos",Jos,Yan Shanu,Oluwadamilola Okonkwo,+2340719243380,pristinedrycleaning@outlook.com,https://pristinedrycleaning.org.ng,4.6,134,Google Maps / Web,2026-06-27 03:04:25,Nigeria
NGA-661071,Pro Auto Solutions,Auto Repair Shops,"136 Kakawa Street, Gwadabawa, Yola",Yola,Gwadabawa,Oluwadamilola Ibrahim,+2340803927256,proautosolutions@yahoo.com,https://proautosolutions.ng,4.0,463,Google Maps / Web,2026-06-27 03:04:25,Nigeria
NGA-379956,Grand Sweet Bakery,Bakeries,"53 Broad Street, Ajah, Lagos",Lagos,Ajah,Olumide Okoro,+2340918299543,grandsweetbakery@yahoo.com,https://grandsweetbakery.com,4.7,134,Google Maps / Web,2026-06-27 03:04:25,Nigeria
NGA-111993,Diamond Diamond Jewellers,Jewelry Stores,"13 Sangotedo, Brahma Road, Lokoja",Lokoja,Brahma Road,Tunde Uche,+2340809541806,diamonddiamondjewellers@hotmail.com,https://diamonddiamondjewellers.biz,3.8,147,Google Maps / Web,2026-06-27 03:04:25,Nigeria
NGA-407198,Exquisite Caterers,Caterers,"50 Festac Mile 2, Karsana, Abuja",Abuja,Karsana,Aderonke Ogundimu,+2340810501136,exquisitecaterers@yahoo.com,https://exquisitecaterers.ng,4.8,386,Google Maps / Web,2026-06-27 03:04:25,Nigeria
NGA-188894,Zen Yoga Space,Yoga Studios,"21 Festac Mile 2, Akabo, Owerri",Owerri,Akabo,Chiamaka Musa,+2340714013362,zenyogaspace@outlook.com,https://zenyogaspace.com,3.6,171,Google Maps / Web,2026-06-27 03:04:25,Nigeria
NGA-201220,Groom Pet Care,Pet Groomers,"119 Lekki Epe Expressway, Okesa, Oshogbo",Oshogbo,Okesa,Aisha Adeyemi,+2340703994209,groompetcare@hotmail.com,https://groompetcare.ng,4.8,487,Google Maps / Web,2026-06-27 03:04:25,Nigeria
NGA-785182,Royal Bakes,Bakeries,"97 Lekki Epe Expressway, Idanre Road, Akure",Akure,Idanre Road,Adeola Okonkwo,+2340714215462,royalbakes@hotmail.com,https://royalbakes.com,3.7,339,Google Maps / Web,2026-06-27 03:04:25,Nigeria
NGA-334910,Expert Pipe Fitters,Plumbing Services,"164 Ikorodu Road, Otu, Calabar",Calabar,Otu,Adeel Balogun,+2340817236663,expertpipefitters@outlook.com,https://expertpipefitters.com,3.6,337,Google Maps / Web,2026-06-27 03:04:25,Nigeria
NGA-770473,Beauty Beauty Studio,Hair Salons,"98 Mobolaji Bank Anthony Marina Road, Doka, Kaduna",Kaduna,Doka,Nnamdi Ogundimu,+2340707649552,beautybeautystudio@hotmail.com,https://beautybeautystudio.ng,4.6,107,Google Maps / Web,2026-06-27 03:04:25,Nigeria
NGA-883866,Tasty Catering,Caterers,"20 Awolowo Way, Iranje, Abeokuta",Abeokuta,Iranje,Obinna Adeyemi,+2340713419143,tastycatering@gmail.com,https://tastycatering.com.ng,4.8,238,Google Maps / Web,2026-06-27 03:04:25,Nigeria
NGA-961540,Life Medical Clinic,Medical Clinics,"59 King George V Road, Egbu, Owerri",Owerri,Egbu,Adeel Eze,+2340805800671,lifemedicalclinic@hotmail.com,https://lifemedicalclinic.org.ng,3.6,115,Google Maps / Web,2026-06-27 03:04:25,Nigeria
NGA-593988,Couture Fashion Boutique,Clothing Boutiques,"155 Ozumba Mbadiwe Road, Orita Merin, Ibadan",Ibadan,Orita Merin,Fatima Ezenwa,+2340901263226,couturefashionboutique@yahoo.com,https://uturefashionboutique.com.ng,3.5,368,Google Maps / Web,2026-06-27 03:04:25,Nigeria
NGA-207623,Royal Night Club,Bars,"33 Badagry Expressway, Garki, Abuja",Abuja,Garki,Nnenna Okafor,+2340706559897,royalnightclub@hotmail.com,https://royalnightclub.org.ng,4.1,419,Google Maps / Web,2026-06-27 03:04:25,Nigeria
NGA-671155,Lawn Green Spaces,Landscapers,"32 Ola-Ayinde Street, Amechi, Enugu",Enugu,Amechi,Fatima Adeyemi,+2340714961766,lawngreenspaces@yahoo.com,https://lawngreenspaces.ng,4.1,348,Google Maps / Web,2026-06-27 03:04:25,Nigeria
NGA-396155,Bloom Landscaping,Landscapers,"10 Opebi Road, Isiala, Umuahia",Umuahia,Isiala,Yetunde Adesina,+2340800369013,bloomlandscaping@gmail.com,https://bloomlandscaping.biz,4.8,406,Google Maps / Web,2026-06-27 03:04:25,Nigeria
NGA-702087,Novel Academic Books,Bookstores,"159 Billings Way, Itaogbolu, Akure",Akure,Itaogbolu,Adebayo Ezenwa,+2340705447933,novelacademicbooks@outlook.com,https://novelacademicbooks.org.ng,3.7,272,Google Maps / Web,2026-06-27 03:04:25,Nigeria
NGA-148687,Botanical Petals & Blooms,Flower Shops,"8 Opebi Road, Akala Expressway, Ibadan",Ibadan,Akala Expressway,Ebere Okoro,+2340810056322,botanicalpetalsandblooms@yahoo.com,https://botanicalpetalsandblooms.biz,3.7,159,Google Maps / Web,2026-06-27 03:04:25,Nigeria
NGA-671312,Perfect Tailors,Tailor Shops,"142 King George V Road, Durumi, Abuja",Abuja,Durumi,Olufunke Ademola,+2340911151701,perfecttailors@outlook.com,https://perfecttailors.com.ng,4.7,159,Google Maps / Web,2026-06-27 03:04:25,Nigeria
NGA-196824,Sweet Sweet Bakery,Bakeries,"7 Broad Street, Gwadabawa, Yola",Yola,Gwadabawa,Fatima Okafor,+2340804760113,sweetsweetbakery@outlook.com,https://sweetsweetbakery.com,3.6,195,Google Maps / Web,2026-06-27 03:04:25,Nigeria
NGA-157205,Diamond Gold Store,Jewelry Stores,"35 Kakawa Street, Ikot Ansa, Calabar",Calabar,Ikot Ansa,Yetunde Okoro,+2340714455376,diamondgoldstore@hotmail.com,https://diamondgoldstore.ng,4.2,488,Google Maps / Web,2026-06-27 03:04:25,Nigeria
NGA-405568,Hardware Hardware & Tools,Hardware Stores,"77 Oregun Road, Sodeke, Abeokuta",Abeokuta,Sodeke,Tajudeen Okonkwo,+2340905815082,hardwarehardwareandtools@gmail.com,https://hardwarehardwareandtools.com.ng,3.9,324,Google Maps / Web,2026-06-27 03:04:25,Nigeria
NGA-760145,Smile Dental Centre,Dental Clinics,"36 Ikeja Way, Maitama, Abuja",Abuja,Maitama,Rashidat Chukwu,+2340714856749,smiledentalcentre@outlook.com,https://smiledentalcentre.biz,4.1,400,Google Maps / Web,2026-06-27 03:04:25,Nigeria
NGA-123717,Lens Image Studio,Photo Studios,"133 Allen Avenue, Lugbe, Abuja",Abuja,Lugbe,Folake Adeyemi,+2340706654746,lensimagestudio@hotmail.com,https://lensimagestudio.com,4.6,21,Google Maps / Web,2026-06-27 03:04:25,Nigeria
NGA-447349,Wood Fire Pizza Kitchen,Pizzerias,"94 Sangotedo, Edgerley, Calabar",Calabar,Edgerley,Rashid Adeyemi,+2340808211955,woodfirepizzakitchen@gmail.com,https://woodfirepizzakitchen.biz,5.0,33,Google Maps / Web,2026-06-27 03:04:25,Nigeria
NGA-215083,Coffee Coffee Shop,Coffee Shops,"107 Festac Mile 2, Wuro Hausa, Yola",Yola,Wuro Hausa,Oladipo Lawal,+2340917451942,coffeecoffeeshop@outlook.com,https://ffeeffeeshop.com.ng,4.8,144,Google Maps / Web,2026-06-27 03:04:25,Nigeria
NGA-515684,Balance Yoga Academy,Yoga Studios,"41 Mobolaji Bank Anthony Marina Road, Rayfield, Jos",Jos,Rayfield,Ngozi Okonkwo,+2340703797510,balanceyogaacademy@yahoo.com,https://balanceyogaacademy.com,3.9,449,Google Maps / Web,2026-06-27 03:04:25,Nigeria
NGA-589120,Red Night Club,Bars,"96 Adeola Odeku Street, Umuagu, Umuahia",Umuahia,Umuagu,Ngozi Ogundimu,+2340901278674,rednightclub@gmail.com,https://rednightclub.com,4.5,429,Google Maps / Web,2026-06-27 03:04:25,Nigeria
NGA-101562,Glow Aesthetic Studio,Beauty Salons,"178 Adetokunbo Ademola Road, Yan Shanu, Jos",Jos,Yan Shanu,Adeola Adekunle,+2340911657821,glowaestheticstudio@outlook.com,https://glowaestheticstudio.com.ng,4.7,341,Google Maps / Web,2026-06-27 03:04:25,Nigeria
NGA-618794,Care Veterinary Centre,Veterinary Clinics,"163 Victoria Island, Ikoyi, Lagos",Lagos,Ikoyi,Rashid Abubakar,+2340814503978,careveterinarycentre@outlook.com,https://careveterinarycentre.com,5.0,412,Google Maps / Web,2026-06-27 03:04:25,Nigeria
NGA-264435,Gleam Auto Wash,Car Washes,"23 Awolowo Way, Ikot Ekpenyong, Calabar",Calabar,Ikot Ekpenyong,Folake Uche,+2340810573765,gleamautowash@outlook.com,https://gleamautowash.ng,4.3,67,Google Maps / Web,2026-06-27 03:04:25,Nigeria
NGA-189922,Modern Dental Care,Dental Clinics,"137 Awolowo Road, Doka, Kaduna",Kaduna,Doka,Ngozi Okonkwo,+2340708280324,moderndentalcare@hotmail.com,https://moderndentalcare.ng,4.2,282,Google Maps / Web,2026-06-27 03:04:25,Nigeria
NGA-740347,Fresh Barber Shop,Barber Shops,"63 Lekki Epe Expressway, Ndume, Umuahia",Umuahia,Ndume,Emeka Uche,+2340701438979,freshbarbershop@outlook.com,https://freshbarbershop.ng,3.7,347,Google Maps / Web,2026-06-27 03:04:25,Nigeria
NGA-382250,Divine Medical Clinic,Medical Clinics,"195 Kakawa Street, Idanre Road, Akure",Akure,Idanre Road,Nnenna Oladipo,+2340718624555,divinemedicalclinic@hotmail.com,https://divinemedicalclinic.com.ng,4.8,123,Google Maps / Web,2026-06-27 03:04:25,Nigeria
NGA-706236,Fresh Office Cleaning,Cleaning Services,"119 Adeola Odeku Street, Ajah, Lagos",Lagos,Ajah,Chinedu Ibe,+2340818575049,freshofficecleaning@outlook.com,https://freshofficecleaning.com,4.0,123,Google Maps / Web,2026-06-27 03:04:25,Nigeria
NGA-827218,Sweet Patisserie,Bakeries,"47 King George V Road, Ganaja, Lokoja",Lokoja,Ganaja,Fatima Okonkwo,+2340719266305,sweetpatisserie@yahoo.com,https://sweetpatisserie.ng,4.9,130,Google Maps / Web,2026-06-27 03:04:25,Nigeria
NGA-405508,Velvet Hair & Beauty,Hair Salons,"9 Independence Layout, Oke Bale, Oshogbo",Oshogbo,Oke Bale,Ade Balogun,+2340816082737,velvethairandbeauty@gmail.com,https://velvethairandbeauty.com.ng,4.0,224,Google Maps / Web,2026-06-27 03:04:25,Nigeria
NGA-601124,Golden Lounge,Bars,"199 Maryland, Eziama, Aba",Aba,Eziama,Amaka Lawal,+2340704686798,goldenlounge@gmail.com,https://goldenlounge.ng,4.9,400,Google Maps / Web,2026-06-27 03:04:25,Nigeria
NGA-307078,Elite Barber House,Barber Shops,"174 Billings Way, Ukwa Road, Aba",Aba,Ukwa Road,Adebayo Abubakar,+2340908393969,elitebarberhouse@hotmail.com,https://elitebarberhouse.org.ng,4.3,405,Google Maps / Web,2026-06-27 03:04:25,Nigeria
NGA-198943,Fresh Cleaning Solutions,Cleaning Services,"148 King George V Road, Victoria Island, Lagos",Lagos,Victoria Island,Chukwudi Abubakar,+2340718678525,freshcleaningsolutions@hotmail.com,https://freshcleaningsolutions.biz,3.6,132,Google Maps / Web,2026-06-27 03:04:25,Nigeria
NGA-425000,Rapid Plumbing,Plumbers,"68 Kofi Annan Street, Osisioma, Aba",Aba,Osisioma,Funke Okonkwo,+2340819333761,rapidplumbing@outlook.com,https://rapidplumbing.biz,4.7,260,Google Maps / Web,2026-06-27 03:04:25,Nigeria
NGA-601321,Spotless Cleaning Services,Cleaning Services,"134 Adeyemo Alakija Street, Uwanse, Calabar",Calabar,Uwanse,Adebayo Musa,+2340707469299,spotlesscleaningservices@yahoo.com,https://spotlesscleaningservices.biz,3.9,19,Google Maps / Web,2026-06-27 03:04:25,Nigeria
NGA-345545,Savory Pizza Kitchen,Pizzerias,"7 Ikorodu Road, Modeke, Oshogbo",Oshogbo,Modeke,Ademola Suleiman,+2340908869362,savorypizzakitchen@gmail.com,https://savorypizzakitchen.org.ng,3.9,180,Google Maps / Web,2026-06-27 03:04:25,Nigeria
NGA-355993,Golden Kitchen,Restaurants,"97 Sangotedo, Nasarawa, Kano",Kano,Nasarawa,Olufunke Balogun,+2340819471550,goldenkitchen@gmail.com,https://goldenkitchen.com.ng,3.7,485,Google Maps / Web,2026-06-27 03:04:25,Nigeria
NGA-335964,Sew Custom Tailor,Tailor Shops,"76 Maryland, Yan Shanu, Jos",Jos,Yan Shanu,Halima Adebayo,+2340700783062,sewcustomtailor@gmail.com,https://sewcustomtailor.biz,4.5,269,Google Maps / Web,2026-06-27 03:04:25,Nigeria
NGA-611353,Master Home Improvement,Hardware Stores,"28 Tiamiyu Savage Street, Shehuri, Maiduguri",Maiduguri,Shehuri,Olumide Adekunle,+2340905081887,masterhomeimprovement@yahoo.com,https://masterhomeimprovement.org.ng,4.0,303,Google Maps / Web,2026-06-27 03:04:25,Nigeria
NGA-938185,Pro Home Improvement,Hardware Stores,"138 Awolowo Way, Oke Bale, Oshogbo",Oshogbo,Oke Bale,Adebayo Nnamdi,+2340802334111,prohomeimprovement@gmail.com,https://prohomeimprovement.biz,4.6,475,Google Maps / Web,2026-06-27 03:04:25,Nigeria
NGA-506456,Life Community Pharmacy,Pharmacies,"41 Broad Street, Oke Oniti, Oshogbo",Oshogbo,Oke Oniti,Folake Eze,+2340704702302,lifecommunitypharmacy@yahoo.com,https://lifemmunitypharmacy.org.ng,4.2,113,Google Maps / Web,2026-06-27 03:04:25,Nigeria
NGA-866158,Blue Bar & Grill,Bars,"141 Ibeju-Lekki, Oke Mosan, Abeokuta",Abeokuta,Oke Mosan,Chigozie Ogundimu,+2340716596494,bluebarandgrill@hotmail.com,https://bluebarandgrill.com.ng,3.7,165,Google Maps / Web,2026-06-27 03:04:25,Nigeria
NGA-315360,Landmark Real Estate Solutions,Real Estate Agencies,"184 Adeola Odeku Street, Lekki, Lagos",Lagos,Lekki,Adeel Olawale,+2340711471097,landmarkrealestatesolutions@gmail.com,https://landmarkrealestatesolutions.org.ng,3.6,184,Google Maps / Web,2026-06-27 03:04:25,Nigeria
NGA-630249,Med Chemist,Pharmacies,"49 Kofi Annan Street, Gwarinpa, Abuja",Abuja,Gwarinpa,Oladayo Chukwu,+2340808907511,medchemist@outlook.com,https://medchemist.com.ng,3.6,343,Google Maps / Web,2026-06-27 03:04:25,Nigeria
NGA-454032,Supreme Solicitors,Law Firms,"184 Allen Roundabout, Iguruta, Port Harcourt",Port Harcourt,Iguruta,Adebayo Adesina,+2340800386895,supremesolicitors@yahoo.com,https://supremesolicitors.biz,3.6,456,Google Maps / Web,2026-06-27 03:04:25,Nigeria
NGA-703117,Sparkle Auto Wash,Car Washes,"149 Ibeju-Lekki, Akabo, Owerri",Owerri,Akabo,Nnenna Nnamdi,+2340706160362,sparkleautowash@gmail.com,https://sparkleautowash.com,3.6,492,Google Maps / Web,2026-06-27 03:04:25,Nigeria
NGA-870907,Sparkle Cleaning Experts,Cleaning Services,"2 Marina Road, Oke Oniti, Oshogbo",Oshogbo,Oke Oniti,Chinedu Ibrahim,+2340707617205,sparklecleaningexperts@yahoo.com,https://sparklecleaningexperts.com,4.3,134,Google Maps / Web,2026-06-27 03:04:25,Nigeria
NGA-910063,Spirit Yoga & Wellness,Yoga Studios,"133 Akin Adesola Street, Modeke, Oshogbo",Oshogbo,Modeke,Adebayo Suleiman,+2340715829432,spirityogaandwellness@yahoo.com,https://spirityogaandwellness.biz,4.7,262,Google Maps / Web,2026-06-27 03:04:25,Nigeria
NGA-774141,Fit Health Club,Gyms,"46 Kakawa Street, Isiala, Umuahia",Umuahia,Isiala,Chukwuemeka Adeyemi,+2340718445086,fithealthclub@outlook.com,https://fithealthclub.com.ng,4.4,314,Google Maps / Web,2026-06-27 03:04:25,Nigeria
NGA-238814,Balance Yoga Studio & Spa,Yoga Studios,"153 Ikeja Way, Uwanse, Calabar",Calabar,Uwanse,Adeola Oladipo,+2340809469791,balanceyogastudioandspa@yahoo.com,https://balanceyogastudioandspa.com,4.5,381,Google Maps / Web,2026-06-27 03:04:25,Nigeria
NGA-327642,Polish Wash Station,Car Washes,"41 Ojo Road, Garki, Abuja",Abuja,Garki,Chigozie Balogun,+2340817701837,polishwashstation@outlook.com,https://polishwashstation.com,4.4,388,Google Maps / Web,2026-06-27 03:04:25,Nigeria
NGA-265064,Health Clinic,Medical Clinics,"169 Tiamiyu Savage Street, Maitama, Abuja",Abuja,Maitama,Adeola Uche,+2340707105341,healthclinic@hotmail.com,https://healthclinic.com,4.2,75,Google Maps / Web,2026-06-27 03:04:25,Nigeria
NGA-613138,Tech Electronics Store,Electronics Shops,"76 Lekki Epe Expressway, Bukuru, Jos",Jos,Bukuru,Rashidat Lawal,+2340713252870,techelectronicsstore@hotmail.com,https://techelectronicsstore.com,3.6,335,Google Maps / Web,2026-06-27 03:04:25,Nigeria
NGA-531953,Aqua Pipe Services,Plumbers,"22 Victoria Island, Iva, Enugu",Enugu,Iva,Emeka Ogundimu,+2340804058577,aquapipeservices@yahoo.com,https://aquapipeservices.com.ng,3.8,78,Google Maps / Web,2026-06-27 03:04:25,Nigeria
NGA-969834,Cafe Coffee Lounge,Coffee Shops,"70 Adeniyi Jones Avenue, Kawo, Kaduna",Kaduna,Kawo,Funke Balogun,+2340902306890,cafecoffeelounge@hotmail.com,https://cafeffeelounge.com.ng,4.7,366,Google Maps / Web,2026-06-27 03:04:25,Nigeria
NGA-687285,Luxe Clothing Store,Clothing Boutiques,"115 Independence Layout, Ijare, Akure",Akure,Ijare,Chinedu Ibe,+2340701692212,luxeclothingstore@yahoo.com,https://luxeclothingstore.biz,4.4,127,Google Maps / Web,2026-06-27 03:04:25,Nigeria
NGA-784621,Cute Pet Stylist,Pet Groomers,"175 Ikeja Way, Uwanse, Calabar",Calabar,Uwanse,Nnenna Okafor,+2340713070454,cutepetstylist@hotmail.com,https://cutepetstylist.org.ng,4.3,447,Google Maps / Web,2026-06-27 03:04:25,Nigeria
NGA-555782,Spirit Yoga Hub,Yoga Studios,"188 Victoria Island, Olugbemi, Oshogbo",Oshogbo,Olugbemi,Olufemi Udo,+2340803775888,spirityogahub@yahoo.com,https://spirityogahub.com.ng,4.3,30,Google Maps / Web,2026-06-27 03:04:25,Nigeria
NGA-503179,Health Health Centre,Medical Clinics,"46 Maryland, Isiala, Umuahia",Umuahia,Isiala,Oladayo Nnamdi,+2340806697618,healthhealthcentre@outlook.com,https://healthhealthcentre.com.ng,4.7,191,Google Maps / Web,2026-06-27 03:04:25,Nigeria
NGA-149463,Green Night Club,Bars,"139 Adetokunbo Ademola Road, Igoba, Akure",Akure,Igoba,Adebayo Udo,+2340713154711,greennightclub@yahoo.com,https://greennightclub.ng,4.7,17,Google Maps / Web,2026-06-27 03:04:25,Nigeria
NGA-213527,Gentle Dental Clinic,Dental Clinics,"161 Ikorodu Road, Uwanse, Calabar",Calabar,Uwanse,Chi Olawale,+2340907731412,gentledentalclinic@hotmail.com,https://gentledentalclinic.biz,4.1,106,Google Maps / Web,2026-06-27 03:04:25,Nigeria
NGA-516537,Pet Animal Grooming,Pet Groomers,"177 Allen Avenue, Ajah, Lagos",Lagos,Ajah,Ngozi Ogundimu,+2340814703337,petanimalgrooming@gmail.com,https://petanimalgrooming.com.ng,4.9,197,Google Maps / Web,2026-06-27 03:04:25,Nigeria
NGA-396284,Master Aqua Tech,Plumbers,"16 Lekki Epe Expressway, Rukuba, Jos",Jos,Rukuba,Adaeze Okoro,+2340813000145,masteraquatech@hotmail.com,https://masteraquatech.ng,3.8,39,Google Maps / Web,2026-06-27 03:04:25,Nigeria
NGA-404293,Glow Beauty Lounge,Beauty Salons,"87 Adetokunbo Ademola Road, Wuro Hausa, Yola",Yola,Wuro Hausa,Chukwudi Adebayo,+2340907544359,glowbeautylounge@outlook.com,https://glowbeautylounge.org.ng,4.5,280,Google Maps / Web,2026-06-27 03:04:25,Nigeria
NGA-629906,Tool Home Improvement,Hardware Stores,"107 Badagry Expressway, Amuzukwu, Umuahia",Umuahia,Amuzukwu,Obinna Lawal,+2340708449957,toolhomeimprovement@outlook.com,https://toolhomeimprovement.ng,4.6,467,Google Maps / Web,2026-06-27 03:04:25,Nigeria
NGA-912162,Dental Smile Clinic,Dental Clinics,"173 Awolowo Way, Dala, Kano",Kano,Dala,Rashid Nnamdi,+2340819576606,dentalsmileclinic@hotmail.com,https://dentalsmileclinic.biz,3.9,238,Google Maps / Web,2026-06-27 03:04:25,Nigeria
NGA-169088,Divine Hair Salon,Hair Salons,"134 Abijo, Fufore, Yola",Yola,Fufore,Adeel Ibe,+2340702898981,divinehairsalon@yahoo.com,https://divinehairsalon.org.ng,4.6,122,Google Maps / Web,2026-06-27 03:04:25,Nigeria
NGA-327858,Press Garment Care,Dry Cleaners,"88 Ahmadu Bello Way, Shuwari, Kano",Kano,Shuwari,Yetunde Okoro,+2340804827573,pressgarmentcare@outlook.com,https://pressgarmentcare.org.ng,4.1,217,Google Maps / Web,2026-06-27 03:04:25,Nigeria
NGA-744072,Cheesy Pizza Express,Pizzerias,"174 Ojo Road, Tarauni, Kano",Kano,Tarauni,Oluwaseun Uche,+2340704959650,cheesypizzaexpress@yahoo.com,https://cheesypizzaexpress.com,4.0,307,Google Maps / Web,2026-06-27 03:04:25,Nigeria
NGA-496606,Cyber Electronics,Electronics Shops,"121 Ikeja Way, Laranto, Jos",Jos,Laranto,Chukwuemeka Adeyemi,+2340915831084,cyberelectronics@outlook.com,https://cyberelectronics.com.ng,3.7,117,Google Maps / Web,2026-06-27 03:04:25,Nigeria
NGA-174698,Aqua Water Works,Plumbers,"103 Allen Roundabout, Lagos Island, Lagos",Lagos,Lagos Island,Oladayo Ibe,+2340906845068,aquawaterworks@hotmail.com,https://aquawaterworks.com,3.6,81,Google Maps / Web,2026-06-27 03:04:25,Nigeria
NGA-782968,Clear Car Wash,Car Washes,"13 Ajah, Dagbolu, Oshogbo",Oshogbo,Dagbolu,Oladayo Musa,+2340809466400,clearcarwash@hotmail.com,https://clearcarwash.com.ng,4.7,51,Google Maps / Web,2026-06-27 03:04:25,Nigeria
NGA-895471,Beauty Glam Studio,Hair Salons,"175 Badagry Expressway, Faulks Road, Aba",Aba,Faulks Road,Fatima Lawal,+2340816658762,beautyglamstudio@hotmail.com,https://beautyglamstudio.com,3.5,111,Google Maps / Web,2026-06-27 03:04:25,Nigeria
NGA-571153,Luxe Hair House,Hair Salons,"59 Opebi Road, Sangi Baboko, Ilorin",Ilorin,Sangi Baboko,Adeel Olawale,+2340811668085,luxehairhouse@gmail.com,https://luxehairhouse.org.ng,4.8,100,Google Maps / Web,2026-06-27 03:04:25,Nigeria
NGA-868659,Shine Wash Bay,Car Washes,"143 Campbell Street, Lekki, Lagos",Lagos,Lekki,Folake Okoro,+2340815020860,shinewashbay@yahoo.com,https://shinewashbay.com,4.2,73,Google Maps / Web,2026-06-27 03:04:25,Nigeria
NGA-964650,Bright Oral Health,Dental Clinics,"153 Ibeju-Lekki, Isiekpe, Umuahia",Umuahia,Isiekpe,Funke Adebayo,+2340715840981,brightoralhealth@outlook.com,https://brightoralhealth.biz,4.4,475,Google Maps / Web,2026-06-27 03:04:25,Nigeria
NGA-775725,Motor Repair Shop,Auto Repair Shops,"10 Festac Mile 2, Ndume, Umuahia",Umuahia,Ndume,Chinedu Eze,+2340703126861,motorrepairshop@gmail.com,https://motorrepairshop.ng,3.9,117,Google Maps / Web,2026-06-27 03:04:25,Nigeria
NGA-217042,Premium Bistro,Restaurants,"47 Kofi Annan Street, Wuro Hausa, Yola",Yola,Wuro Hausa,Ngozi Ogundimu,+2340700812106,premiumbistro@yahoo.com,https://premiumbistro.com,5.0,319,Google Maps / Web,2026-06-27 03:04:25,Nigeria
NGA-642273,Clear Wash Bay,Car Washes,"9 Badagry Expressway, Owode, Akure",Akure,Owode,Rashid Nwosu,+2340917527277,clearwashbay@yahoo.com,https://clearwashbay.ng,4.5,88,Google Maps / Web,2026-06-27 03:04:25,Nigeria
NGA-831994,Royal Properties,Real Estate Agencies,"145 Lekki Epe Expressway, Wuro Hausa, Yola",Yola,Wuro Hausa,Adejare Musa,+2340707691185,royalproperties@outlook.com,https://royalproperties.ng,4.6,59,Google Maps / Web,2026-06-27 03:04:25,Nigeria
NGA-676140,Savory Bistro,Restaurants,"200 Moloney Street, Umuchima, Owerri",Owerri,Umuchima,Rashidat Nwosu,+2340800016103,savorybistro@hotmail.com,https://savorybistro.com.ng,4.4,126,Google Maps / Web,2026-06-27 03:04:25,Nigeria
NGA-343657,Style Beauty Lounge,Hair Salons,"27 Mobolaji Bank Anthony Marina Road, Awgu, Enugu",Enugu,Awgu,Yetunde Okafor,+2340719025571,stylebeautylounge@hotmail.com,https://stylebeautylounge.com,4.0,446,Google Maps / Web,2026-06-27 03:04:25,Nigeria
NGA-327660,Elite Aesthetic Studio,Beauty Salons,"196 Ozumba Mbadiwe Road, Badagry, Lagos",Lagos,Badagry,Olufunke Nnamdi,+2340710825376,eliteaestheticstudio@hotmail.com,https://eliteaestheticstudio.org.ng,3.6,491,Google Maps / Web,2026-06-27 03:04:25,Nigeria
NGA-633315,Neat Fabric Care,Dry Cleaners,"86 Ilupeju Avenue, Mapo, Ibadan",Ibadan,Mapo,Adebayo Oladipo,+2340912698868,neatfabriccare@yahoo.com,https://neatfabriccare.com.ng,4.0,94,Google Maps / Web,2026-06-27 03:04:25,Nigeria
NGA-400433,Bright Wash Bay,Car Washes,"88 Ibeju-Lekki, Dugbe, Ibadan",Ibadan,Dugbe,Ebere Oladipo,+2340700460157,brightwashbay@hotmail.com,https://brightwashbay.com.ng,4.3,222,Google Maps / Web,2026-06-27 03:04:25,Nigeria
NGA-372702,Pro Plumbers,Plumbers,"176 Adeola Odeku Street, Umuchima, Owerri",Owerri,Umuchima,Olufunke Adeyemi,+2340703301583,proplumbers@hotmail.com,https://proplumbers.org.ng,4.8,7,Google Maps / Web,2026-06-27 03:04:25,Nigeria
NGA-388241,Fresh Cleaning Co.,Cleaning Services,"120 Adeyemo Alakija Street, Iva, Enugu",Enugu,Iva,Rashid Uche,+2340911246261,freshcleaningco@hotmail.com,https://freshcleaning.com,4.7,374,Google Maps / Web,2026-06-27 03:04:25,Nigeria
NGA-306798,Prime Chambers,Law Firms,"174 Moloney Street, Nsukka, Enugu",Enugu,Nsukka,Oladipo Balogun,+2340806043935,primechambers@gmail.com,https://primechambers.ng,3.6,349,Google Maps / Web,2026-06-27 03:04:25,Nigeria
NGA-505264,Premium Bakes,Bakeries,"33 Adeniyi Jones Avenue, Sangi Baboko, Ilorin",Ilorin,Sangi Baboko,Tajudeen Nnamdi,+2340705357450,premiumbakes@hotmail.com,https://premiumbakes.com,4.2,469,Google Maps / Web,2026-06-27 03:04:25,Nigeria
NGA-964511,White Dental Solutions,Dental Clinics,"52 Sangotedo, Eziama, Aba",Aba,Eziama,Olumide Suleiman,+2340917398688,whitedentalsolutions@hotmail.com,https://whitedentalsolutions.com,4.1,479,Google Maps / Web,2026-06-27 03:04:25,Nigeria
NGA-253783,Master Hardware & Tools,Hardware Stores,"110 Johnson Street, Birnin Yero, Kaduna",Kaduna,Birnin Yero,Adebayo Oladipo,+2340809075414,masterhardwareandtools@yahoo.com,https://masterhardwareandtools.biz,3.7,150,Google Maps / Web,2026-06-27 03:04:25,Nigeria
NGA-205513,Morning Roastery,Coffee Shops,"70 Awolowo Road, Bulabulin, Maiduguri",Maiduguri,Bulabulin,Aderonke Okafor,+2340714150629,morningroastery@gmail.com,https://morningroastery.ng,4.7,416,Google Maps / Web,2026-06-27 03:04:25,Nigeria
NGA-877359,Pro Auto Workshop,Auto Repair Shops,"36 Marina Road, Victoria Island, Lagos",Lagos,Victoria Island,Adebayo Ezenwa,+2340907557364,proautoworkshop@yahoo.com,https://proautoworkshop.ng,4.2,468,Google Maps / Web,2026-06-27 03:04:25,Nigeria
NGA-512709,Royal Glam Studio,Hair Salons,"106 Ilupeju Avenue, Doka, Kaduna",Kaduna,Doka,Obinna Abubakar,+2340713922361,royalglamstudio@yahoo.com,https://royalglamstudio.com,4.7,5,Google Maps / Web,2026-06-27 03:04:25,Nigeria
NGA-254910,Chic Fashion Studio,Clothing Boutiques,"53 Independence Layout, Ajikobi, Ilorin",Ilorin,Ajikobi,Funke Okonkwo,+2340705474777,chicfashionstudio@outlook.com,https://chicfashionstudio.org.ng,4.5,148,Google Maps / Web,2026-06-27 03:04:25,Nigeria
NGA-539146,Fabric Tailoring,Tailor Shops,"184 Lekki Epe Expressway, Ikpoba Hill, Benin City",Benin City,Ikpoba Hill,Adeola Uche,+2340708173177,fabrictailoring@hotmail.com,https://fabrictailoring.ng,4.9,131,Google Maps / Web,2026-06-27 03:04:25,Nigeria
NGA-537227,Mode Boutique,Clothing Boutiques,"136 Adeyemo Alakija Street, Nekede, Owerri",Owerri,Nekede,Aderonke Eze,+2340712567456,modeboutique@hotmail.com,https://modeboutique.com.ng,4.4,395,Google Maps / Web,2026-06-27 03:04:25,Nigeria
NGA-921727,Immaculate Cleaning Services,Dry Cleaners,"171 Allen Avenue, Ozara, Umuahia",Umuahia,Ozara,Emeka Adesina,+2340915465337,immaculatecleaningservices@yahoo.com,https://immaculatecleaningservices.ng,4.0,278,Google Maps / Web,2026-06-27 03:04:25,Nigeria
NGA-560449,Furry Dog Grooming,Pet Groomers,"50 Kakawa Street, Keesi, Abeokuta",Abeokuta,Keesi,Ade Okoro,+2340810423771,furrydoggrooming@yahoo.com,https://furrydoggrooming.com.ng,3.5,327,Google Maps / Web,2026-06-27 03:04:25,Nigeria
NGA-456265,Savory Restaurant Lounge,Restaurants,"92 Ikeja Way, Faulks Road, Aba",Aba,Faulks Road,Oluwatobi Ademola,+2340805533931,savoryrestaurantlounge@outlook.com,https://savoryrestaurantlounge.com.ng,3.9,393,Google Maps / Web,2026-06-27 03:04:25,Nigeria
NGA-269603,Gem Jewelry Boutique,Jewelry Stores,"170 Abijo, Esuk Atu, Calabar",Calabar,Esuk Atu,Halima Oladipo,+2340800685771,gemjewelryboutique@gmail.com,https://gemjewelryboutique.com.ng,4.7,435,Google Maps / Web,2026-06-27 03:04:25,Nigeria
NGA-323144,Oral Dental Hub,Dental Clinics,"46 Adetokunbo Ademola Road, Okesa, Oshogbo",Oshogbo,Okesa,Rashid Oladipo,+2340717811488,oraldentalhub@outlook.com,https://oraldentalhub.ng,4.9,143,Google Maps / Web,2026-06-27 03:04:25,Nigeria
NGA-290591,Black Grill & Bar,Bars,"120 Nnamdi Azikiwe Street, Gamboru, Maiduguri",Maiduguri,Gamboru,Adebayo Lawal,+2340801649150,blackgrillandbar@outlook.com,https://blackgrillandbar.com.ng,5.0,59,Google Maps / Web,2026-06-27 03:04:25,Nigeria
NGA-659151,Cute Animal Grooming,Pet Groomers,"3 Akin Adesola Street, Rumde, Yola",Yola,Rumde,Fatima Suleiman,+2340812213933,cuteanimalgrooming@gmail.com,https://cuteanimalgrooming.biz,4.5,111,Google Maps / Web,2026-06-27 03:04:25,Nigeria
NGA-776761,Royal Hair & Beauty,Hair Salons,"31 Allen Avenue, Akere Mefa, Ilorin",Ilorin,Akere Mefa,Tunde Okonkwo,+2340810901941,royalhairandbeauty@yahoo.com,https://royalhairandbeauty.org.ng,4.1,271,Google Maps / Web,2026-06-27 03:04:25,Nigeria
NGA-591787,Pro Motor Works,Auto Repair Shops,"34 Opebi Road, Namtari, Yola",Yola,Namtari,Aderonke Ogundimu,+2340716961662,promotorworks@gmail.com,https://promotorworks.ng,3.9,360,Google Maps / Web,2026-06-27 03:04:25,Nigeria
NGA-424207,Royal Cuisine,Restaurants,"29 Adeyemo Alakija Street, Isabo, Abeokuta",Abeokuta,Isabo,Emeka Ezenwa,+2340910904093,royalcuisine@gmail.com,https://royalcuisine.biz,5.0,38,Google Maps / Web,2026-06-27 03:04:25,Nigeria
NGA-745620,Blue Sports Bar,Bars,"145 Opebi Road, Ojoo, Ibadan",Ibadan,Ojoo,Fatima Suleiman,+2340915926678,bluesportsbar@gmail.com,https://bluesportsbar.ng,4.5,416,Google Maps / Web,2026-06-27 03:04:25,Nigeria
NGA-230995,Smart Digital Store,Electronics Shops,"91 Ojo Road, Okpuala, Umuahia",Umuahia,Okpuala,Funke Ibrahim,+2340703791656,smartdigitalstore@gmail.com,https://smartdigitalstore.biz,3.6,475,Google Maps / Web,2026-06-27 03:04:25,Nigeria
NGA-235565,Prime Barristers,Law Firms,"17 Akin Adesola Street, Ohuru, Aba",Aba,Ohuru,Chinedu Ibe,+2340809514998,primebarristers@yahoo.com,https://primebarristers.ng,3.6,145,Google Maps / Web,2026-06-27 03:04:25,Nigeria
NGA-876066,Fresh Coffee Shop,Coffee Shops,"118 Independence Layout, Woji, Port Harcourt",Port Harcourt,Woji,Oluwaseun Eze,+2340906358873,freshcoffeeshop@gmail.com,https://freshffeeshop.com,4.6,309,Google Maps / Web,2026-06-27 03:04:25,Nigeria
NGA-206154,Snap Photo House,Photo Studios,"142 Igbosere Road, Birnin Yero, Kaduna",Kaduna,Birnin Yero,Aderonke Musa,+2340708143468,snapphotohouse@yahoo.com,https://snapphotohouse.biz,4.9,232,Google Maps / Web,2026-06-27 03:04:25,Nigeria
NGA-134792,Electro Electronics Mart,Electronics Shops,"106 Marina Road, Ezeogba, Owerri",Owerri,Ezeogba,Rashid Ogundimu,+2340907081373,electroelectronicsmart@gmail.com,https://electroelectronicsmart.com,4.5,332,Google Maps / Web,2026-06-27 03:04:25,Nigeria
NGA-957119,Fit Fitness Club,Gyms,"168 Victoria Island, Use, Benin City",Benin City,Use,Adebayo Uche,+2340703201328,fitfitnessclub@gmail.com,https://fitfitnessclub.com.ng,4.8,477,Google Maps / Web,2026-06-27 03:04:25,Nigeria
NGA-501966,Outdoor Horticulture,Landscapers,"63 Ikorodu Road, Demsawo, Yola",Yola,Demsawo,Olumide Ibrahim,+2340910394495,outdoorhorticulture@yahoo.com,https://outdoorhorticulture.com,4.1,176,Google Maps / Web,2026-06-27 03:04:25,Nigeria
NGA-779065,Sparkle Jewellers,Jewelry Stores,"130 Ajah, Owode, Oshogbo",Oshogbo,Owode,Rashidat Eze,+2340808274050,sparklejewellers@hotmail.com,https://sparklejewellers.biz,3.9,93,Google Maps / Web,2026-06-27 03:04:25,Nigeria
NGA-353620,Blue Wine Bar,Bars,"155 Johnson Street, Badagry, Lagos",Lagos,Badagry,Oladayo Okonkwo,+2340808420836,bluewinebar@outlook.com,https://bluewinebar.org.ng,3.8,312,Google Maps / Web,2026-06-27 03:04:25,Nigeria
NGA-189169,Cute Grooming Studio,Pet Groomers,"181 Adeniyi Jones Avenue, Obio-Akpor, Port Harcourt",Port Harcourt,Obio-Akpor,Nnamdi Oladipo,+2340907138523,cutegroomingstudio@hotmail.com,https://cutegroomingstudio.org.ng,4.9,228,Google Maps / Web,2026-06-27 03:04:25,Nigeria
NGA-690101,Health Animal Clinic,Veterinary Clinics,"94 Abijo, Adankolo, Lokoja",Lokoja,Adankolo,Amina Uche,+2340814901950,healthanimalclinic@outlook.com,https://healthanimalclinic.org.ng,3.7,76,Google Maps / Web,2026-06-27 03:04:25,Nigeria
NGA-976796,Bloom Lawn Care,Landscapers,"80 Agungi, Owode, Oshogbo",Oshogbo,Owode,Adebayo Okoro,+2340814081419,bloomlawncare@gmail.com,https://bloomlawncare.com.ng,4.5,437,Google Maps / Web,2026-06-27 03:04:25,Nigeria
NGA-441291,Garden Floral Design,Flower Shops,"163 Badagry Expressway, Wuro Hausa, Yola",Yola,Wuro Hausa,Halima Ademola,+2340702641013,gardenfloraldesign@yahoo.com,https://gardenfloraldesign.com.ng,4.9,197,Google Maps / Web,2026-06-27 03:04:25,Nigeria
NGA-765057,Diamond Beauty Lounge,Beauty Salons,"31 Allen Avenue, Brahma Road, Lokoja",Lokoja,Brahma Road,Oluwadamilola Ogundimu,+2340901949046,diamondbeautylounge@outlook.com,https://diamondbeautylounge.ng,4.0,81,Google Maps / Web,2026-06-27 03:04:25,Nigeria
NGA-944154,Rose Flower Studio,Flower Shops,"152 Adeola Odeku Street, Ijoka, Akure",Akure,Ijoka,Oluwadamilola Okoro,+2340914957878,roseflowerstudio@hotmail.com,https://roseflowerstudio.com.ng,4.7,314,Google Maps / Web,2026-06-27 03:04:25,Nigeria
NGA-999522,Happy Dog Grooming,Pet Groomers,"120 Kakawa Street, Damboa, Maiduguri",Maiduguri,Damboa,Adebayo Ibe,+2340901043855,happydoggrooming@gmail.com,https://happydoggrooming.com,3.8,303,Google Maps / Web,2026-06-27 03:04:25,Nigeria
NGA-465680,Clean Home Cleaning,Cleaning Services,"193 Adeyemo Alakija Street, Girei, Yola",Yola,Girei,Oluwatobi Okafor,+2340908619790,cleanhomecleaning@outlook.com,https://cleanhomecleaning.com.ng,4.1,296,Google Maps / Web,2026-06-27 03:04:25,Nigeria
NGA-502724,Nature Landscaping,Landscapers,"58 Ola-Ayinde Street, Trans Amadi, Port Harcourt",Port Harcourt,Trans Amadi,Yusuf Eze,+2340909654592,naturelandscaping@outlook.com,https://naturelandscaping.com,4.1,51,Google Maps / Web,2026-06-27 03:04:25,Nigeria
NGA-967025,Royal Pastry House,Bakeries,"122 Maryland, Namtari, Yola",Yola,Namtari,Ebere Eze,+2340713448892,royalpastryhouse@outlook.com,https://royalpastryhouse.com.ng,4.5,387,Google Maps / Web,2026-06-27 03:04:25,Nigeria
NGA-472716,Elite Jewellery Centre,Jewelry Stores,"42 King George V Road, Airport Road, Benin City",Benin City,Airport Road,Ademola Ogundimu,+2340906500561,elitejewellerycentre@hotmail.com,https://elitejewellerycentre.org.ng,4.6,97,Google Maps / Web,2026-06-27 03:04:25,Nigeria
NGA-509180,Core Workout Studio,Gyms,"148 Awolowo Way, Esuk Atu, Calabar",Calabar,Esuk Atu,Chinedu Adebayo,+2340913688857,coreworkoutstudio@yahoo.com,https://reworkoutstudio.biz,4.9,377,Google Maps / Web,2026-06-27 03:04:25,Nigeria
NGA-256031,Life Medical Store,Pharmacies,"22 Ikorodu Road, Mokola, Ibadan",Ibadan,Mokola,Nkechi Adebayo,+2340814370308,lifemedicalstore@gmail.com,https://lifemedicalstore.org.ng,4.9,199,Google Maps / Web,2026-06-27 03:04:25,Nigeria
NGA-797170,Frame Photo Studio,Photo Studios,"115 Kodesoh Street, Faulks Road, Aba",Aba,Faulks Road,Nnamdi Udo,+2340809487693,framephotostudio@gmail.com,https://framephotostudio.com,3.8,336,Google Maps / Web,2026-06-27 03:04:25,Nigeria
NGA-500171,Grand Pastry Shop,Bakeries,"10 Billings Way, Yaba, Lagos",Lagos,Yaba,Nnenna Ogundimu,+2340919432870,grandpastryshop@outlook.com,https://grandpastryshop.biz,3.7,94,Google Maps / Web,2026-06-27 03:04:25,Nigeria
NGA-109450,Pro Water Works,Plumbers,"124 Badagry Expressway, Oji River, Enugu",Enugu,Oji River,Chukwudi Ademola,+2340802846788,prowaterworks@outlook.com,https://prowaterworks.com.ng,4.5,263,Google Maps / Web,2026-06-27 03:04:25,Nigeria
NGA-903611,Expert Auto Workshop,Auto Repair Shops,"45 Nnamdi Azikiwe Street, Oji River, Enugu",Enugu,Oji River,Olumide Adeyemi,+2340914909380,expertautoworkshop@outlook.com,https://expertautoworkshop.com.ng,4.7,21,Google Maps / Web,2026-06-27 03:04:25,Nigeria
NGA-626473,Premium Caterers,Caterers,"95 Awolowo Road, GRA, Benin City",Benin City,GRA,Adejare Ibe,+2340813240181,premiumcaterers@gmail.com,https://premiumcaterers.com.ng,4.7,299,Google Maps / Web,2026-06-27 03:04:25,Nigeria
NGA-368278,Health Dental Practice,Dental Clinics,"22 Nnamdi Azikiwe Street, Ndume, Umuahia",Umuahia,Ndume,Tajudeen Ibrahim,+2340912240258,healthdentalpractice@hotmail.com,https://healthdentalpractice.com,3.6,180,Google Maps / Web,2026-06-27 03:04:25,Nigeria
