business_name,category,phone,email,address,city,state,zip_code,website,rating,review_count,source,google_maps_url,latitude,longitude,scraped_date,lead_id
Motor Auto Centre,Auto Repair Shops,+2340812305415,motorautocentre@yahoo.com,"69 Ozumba Mbadiwe Road, Udi, Enugu",Enugu,Udi,,https://motorautocentre.org.ng,4.3,216,Google Maps / Web,,,,2026-06-27 03:04:25,NGA-915762
Pristine Dry Clean Centre,Dry Cleaners,+2340903649189,pristinedrycleancentre@outlook.com,"189 Oba Akran Avenue, Naze, Owerri",Owerri,Naze,,https://pristinedrycleancentre.ng,3.5,35,Google Maps / Web,,,,2026-06-27 03:04:25,NGA-156650
Swift Plumbing Services,Plumbing Services,+2340700641277,swiftplumbingservices@yahoo.com,"14 Allen Avenue, Amechi, Enugu",Enugu,Amechi,,https://swiftplumbingservices.ng,4.4,374,Google Maps / Web,,,,2026-06-27 03:04:25,NGA-727227
Grand Restaurant,Restaurants,+2340918568393,grandrestaurant@hotmail.com,"12 Allen Avenue, Vwang, Jos",Jos,Vwang,,https://grandrestaurant.ng,4.4,36,Google Maps / Web,,,,2026-06-27 03:04:25,NGA-408054
Elite Legal Practitioners,Law Firms,+2340703164645,elitelegalpractitioners@yahoo.com,"80 Allen Avenue, Epe, Lagos",Lagos,Epe,,https://elitelegalpractitioners.com,4.4,358,Google Maps / Web,,,,2026-06-27 03:04:25,NGA-661547
Pizza Pizza Restaurant,Pizzerias,+2340716675170,pizzapizzarestaurant@hotmail.com,"64 Moloney Street, Woji, Port Harcourt",Port Harcourt,Woji,,https://pizzapizzarestaurant.biz,3.6,12,Google Maps / Web,,,,2026-06-27 03:04:25,NGA-505847
Beauty Beauty Lounge,Hair Salons,+2340806370653,beautybeautylounge@gmail.com,"67 Kakawa Street, Fagge, Kano",Kano,Fagge,,https://beautybeautylounge.org.ng,4.0,148,Google Maps / Web,,,,2026-06-27 03:04:25,NGA-186567
Radiance Beauty Studio,Beauty Salons,+2340709394930,radiancebeautystudio@outlook.com,"52 Broad Street, Asokoro, Abuja",Abuja,Asokoro,,https://radiancebeautystudio.org.ng,4.1,66,Google Maps / Web,,,,2026-06-27 03:04:25,NGA-690741
Pet Dog Grooming,Pet Groomers,+2340809042871,petdoggrooming@yahoo.com,"71 Ikeja Way, Badagry, Lagos",Lagos,Badagry,,https://petdoggrooming.com,4.7,106,Google Maps / Web,,,,2026-06-27 03:04:25,NGA-605976
Turbo Motor Works,Auto Repair Shops,+2340907302118,turbomotorworks@yahoo.com,"170 Ikeja Way, Gwarinpa, Abuja",Abuja,Gwarinpa,,https://turbomotorworks.org.ng,4.1,28,Google Maps / Web,,,,2026-06-27 03:04:25,NGA-412520
Pet Pet Groomers,Pet Groomers,+2340910429627,petpetgroomers@hotmail.com,"163 Ojo Road, Lamisula, Maiduguri",Maiduguri,Lamisula,,https://petpetgroomers.com,3.8,453,Google Maps / Web,,,,2026-06-27 03:04:25,NGA-777575
Electro Tech Hub,Electronics Shops,+2340913692509,electrotechhub@gmail.com,"147 Abijo, Ikot Ekpenyong, Calabar",Calabar,Ikot Ekpenyong,,https://electrotechhub.ng,4.4,437,Google Maps / Web,,,,2026-06-27 03:04:25,NGA-190858
Premium Real Estate Solutions,Real Estate Agencies,+2340804903020,premiumrealestatesolutions@gmail.com,"44 Moloney Street, Garki, Abuja",Abuja,Garki,,https://premiumrealestatesolutions.com,4.5,388,Google Maps / Web,,,,2026-06-27 03:04:25,NGA-361653
Floral Florist,Flower Shops,+2340712821798,floralflorist@hotmail.com,"25 Billings Way, Karewa, Yola",Yola,Karewa,,https://floralflorist.ng,3.6,373,Google Maps / Web,,,,2026-06-27 03:04:25,NGA-205275
Blooming Bloom Shop,Flower Shops,+2340911771291,bloomingbloomshop@yahoo.com,"61 Kofi Annan Street, Oji River, Enugu",Enugu,Oji River,,https://bloomingbloomshop.com,4.5,146,Google Maps / Web,,,,2026-06-27 03:04:25,NGA-336450
Care Medical Store,Pharmacies,+2340702663498,caremedicalstore@hotmail.com,"195 Mobolaji Bank Anthony Marina Road, Mpape, Abuja",Abuja,Mpape,,https://caremedicalstore.com,4.9,226,Google Maps / Web,,,,2026-06-27 03:04:25,NGA-830880
Fresh Barber House,Barber Shops,+2340803503418,freshbarberhouse@hotmail.com,"73 Kodesoh Street, Tudun Wada, Kaduna",Kaduna,Tudun Wada,,https://freshbarberhouse.ng,3.6,330,Google Maps / Web,,,,2026-06-27 03:04:25,NGA-834001
Pro Electronics Store,Electronics Shops,+2340910850497,proelectronicsstore@outlook.com,"109 Adeniyi Jones Avenue, Igbona, Oshogbo",Oshogbo,Igbona,,https://proelectronicsstore.org.ng,4.0,484,Google Maps / Web,,,,2026-06-27 03:04:25,NGA-608651
Flow Plumbing,Plumbing Services,+2340807071417,flowplumbing@gmail.com,"58 Opebi Road, Ugbowo, Benin City",Benin City,Ugbowo,,https://flowplumbing.com,4.8,115,Google Maps / Web,,,,2026-06-27 03:04:25,NGA-790978
Life Family Clinic,Medical Clinics,+2340718602009,lifefamilyclinic@yahoo.com,"66 Johnson Street, Okhoro, Benin City",Benin City,Okhoro,,https://lifefamilyclinic.com,3.9,453,Google Maps / Web,,,,2026-06-27 03:04:25,NGA-166875
Tidy Press House,Dry Cleaners,+2340805652026,tidypresshouse@yahoo.com,"182 Awolowo Road, Ikot Effanga, Calabar",Calabar,Ikot Effanga,,https://tidypresshouse.com,4.2,431,Google Maps / Web,,,,2026-06-27 03:04:25,NGA-972610
Book Bookshop,Bookstores,+2340913605726,bookbookshop@outlook.com,"13 Allen Roundabout, Tarauni, Kano",Kano,Tarauni,,https://bookbookshop.com.ng,4.9,299,Google Maps / Web,,,,2026-06-27 03:04:25,NGA-940654
Pet Pet Care Clinic,Veterinary Clinics,+2340704864661,petpetcareclinic@hotmail.com,"63 Independence Layout, Uwanse, Calabar",Calabar,Uwanse,,https://petpetcareclinic.org.ng,4.1,121,Google Maps / Web,,,,2026-06-27 03:04:25,NGA-690502
Golden Realty,Real Estate Agencies,+2340818526074,goldenrealty@gmail.com,"113 Ola-Ayinde Street, Balogun Fulani, Ilorin",Ilorin,Balogun Fulani,,https://goldenrealty.com,4.6,161,Google Maps / Web,,,,2026-06-27 03:04:25,NGA-170466
Paw Animal Clinic,Veterinary Clinics,+2340719197555,pawanimalclinic@outlook.com,"13 Adeyemo Alakija Street, Uwelu Road, Benin City",Benin City,Uwelu Road,,https://pawanimalclinic.biz,3.8,65,Google Maps / Web,,,,2026-06-27 03:04:25,NGA-123231
Frame Studio,Photo Studios,+2340802425995,framestudio@hotmail.com,"120 Allen Avenue, Zuma Road, Lokoja",Lokoja,Zuma Road,,https://framestudio.org.ng,4.1,299,Google Maps / Web,,,,2026-06-27 03:04:25,NGA-255486
Quick Car Wash & Detailing,Car Washes,+2340702526375,quickcarwashanddetailing@yahoo.com,"52 Festac Mile 2, Sabon Tasha, Kaduna",Kaduna,Sabon Tasha,,https://quickcarwashanddetailing.com,3.6,375,Google Maps / Web,,,,2026-06-27 03:04:25,NGA-442825
Divine Health Centre,Medical Clinics,+2340818442375,divinehealthcentre@outlook.com,"137 Adeniyi Jones Avenue, Eliozu, Port Harcourt",Port Harcourt,Eliozu,,https://divinehealthcentre.ng,4.7,314,Google Maps / Web,,,,2026-06-27 03:04:25,NGA-113603
Page Book Centre,Bookstores,+2340802097789,pagebookcentre@gmail.com,"59 Johnson Street, Brahma Road, Lokoja",Lokoja,Brahma Road,,https://pagebookcentre.com,5.0,380,Google Maps / Web,,,,2026-06-27 03:04:25,NGA-530059
Sterling Real Estate Solutions,Real Estate Agencies,+2340709670197,sterlingrealestatesolutions@outlook.com,"24 Kofi Annan Street, Ugbowo, Benin City",Benin City,Ugbowo,,https://sterlingrealestatesolutions.com,3.8,8,Google Maps / Web,,,,2026-06-27 03:04:25,NGA-690243
Apex Solicitors,Law Firms,+2340718939690,apexsolicitors@yahoo.com,"29 Badagry Expressway, Barracks, Lokoja",Lokoja,Barracks,,https://apexsolicitors.biz,4.6,267,Google Maps / Web,,,,2026-06-27 03:04:25,NGA-840917
Tasty Grill,Restaurants,+2340702130398,tastygrill@yahoo.com,"64 Allen Avenue, Sabon Tasha, Kaduna",Kaduna,Sabon Tasha,,https://tastygrill.org.ng,4.8,332,Google Maps / Web,,,,2026-06-27 03:04:25,NGA-687141
Peak Fitness Club,Gyms,+2340906416150,peakfitnessclub@hotmail.com,"69 Johnson Street, Mapo, Ibadan",Ibadan,Mapo,,https://peakfitnessclub.biz,4.8,91,Google Maps / Web,,,,2026-06-27 03:04:25,NGA-470937
Quick Wash Station,Car Washes,+2340708633331,quickwashstation@gmail.com,"83 Kodesoh Street, Ohuru, Aba",Aba,Ohuru,,https://quickwashstation.com.ng,3.7,175,Google Maps / Web,,,,2026-06-27 03:04:25,NGA-886513
Aqua Plumbing Experts,Plumbing Services,+2340700473218,aquaplumbingexperts@yahoo.com,"170 Kodesoh Street, Asokoro, Abuja",Abuja,Asokoro,,https://aquaplumbingexperts.com,3.8,239,Google Maps / Web,,,,2026-06-27 03:04:25,NGA-698910
Pawsome Pet Grooming,Pet Groomers,+2340914838598,pawsomepetgrooming@gmail.com,"105 Sangotedo, Keesi, Abeokuta",Abeokuta,Keesi,,https://pawsomepetgrooming.ng,4.7,284,Google Maps / Web,,,,2026-06-27 03:04:25,NGA-704110
Comfort Cooling Systems,HVAC Services,+2340802549515,comfortcoolingsystems@gmail.com,"27 Badagry Expressway, Mpape, Abuja",Abuja,Mpape,,https://mfortolingsystems.org.ng,3.8,240,Google Maps / Web,,,,2026-06-27 03:04:25,NGA-921005
King Barber Parlour,Barber Shops,+2340804151095,kingbarberparlour@hotmail.com,"2 Lekki Epe Expressway, Lekki, Lagos",Lagos,Lekki,,https://kingbarberparlour.biz,4.4,407,Google Maps / Web,,,,2026-06-27 03:04:25,NGA-198265
Green Pub,Bars,+2340711853567,greenpub@yahoo.com,"15 Badagry Expressway, Gwange, Maiduguri",Maiduguri,Gwange,,https://greenpub.com.ng,3.9,87,Google Maps / Web,,,,2026-06-27 03:04:25,NGA-386915
Master Pipe Services,Plumbers,+2340805771857,masterpipeservices@outlook.com,"94 Ola-Ayinde Street, Rumde, Yola",Yola,Rumde,,https://masterpipeservices.com,4.3,259,Google Maps / Web,,,,2026-06-27 03:04:25,NGA-331195
Divine Bakery,Bakeries,+2340809233728,divinebakery@hotmail.com,"128 Nnamdi Azikiwe Street, Ikot Okubo, Calabar",Calabar,Ikot Okubo,,https://divinebakery.biz,3.7,174,Google Maps / Web,,,,2026-06-27 03:04:25,NGA-409921
Peace Yoga Space,Yoga Studios,+2340703220815,peaceyogaspace@yahoo.com,"90 Independence Layout, Ikeja, Lagos",Lagos,Ikeja,,https://peaceyogaspace.org.ng,3.6,312,Google Maps / Web,,,,2026-06-27 03:04:25,NGA-477823
Elite Real Estate Solutions,Real Estate Agencies,+2340812346442,eliterealestatesolutions@yahoo.com,"3 Adetokunbo Ademola Road, Old Market, Lokoja",Lokoja,Old Market,,https://eliterealestatesolutions.ng,4.3,379,Google Maps / Web,,,,2026-06-27 03:04:25,NGA-728684
Sharp Barber Parlour,Barber Shops,+2340918353338,sharpbarberparlour@outlook.com,"111 Adeola Odeku Street, Rumde, Yola",Yola,Rumde,,https://sharpbarberparlour.org.ng,4.8,303,Google Maps / Web,,,,2026-06-27 03:04:25,NGA-812368
Elite Beauty Studio,Beauty Salons,+2340801899790,elitebeautystudio@yahoo.com,"172 Abijo, Gada Biu, Jos",Jos,Gada Biu,,https://elitebeautystudio.com.ng,4.7,149,Google Maps / Web,,,,2026-06-27 03:04:25,NGA-666598
Sweet Bakery,Bakeries,+2340710236174,sweetbakery@hotmail.com,"30 Oba Akran Avenue, Ihiagwa, Owerri",Owerri,Ihiagwa,,https://sweetbakery.org.ng,4.1,310,Google Maps / Web,,,,2026-06-27 03:04:25,NGA-853061
Wellness Pharmacy Shop,Pharmacies,+2340813372463,wellnesspharmacyshop@gmail.com,"96 Marina Road, Ajah, Lagos",Lagos,Ajah,,https://wellnesspharmacyshop.ng,3.6,181,Google Maps / Web,,,,2026-06-27 03:04:25,NGA-663673
Tasty Culinary Services,Caterers,+2340801060800,tastyculinaryservices@gmail.com,"114 Allen Avenue, Nasarawa, Kano",Kano,Nasarawa,,https://tastyculinaryservices.org.ng,3.9,455,Google Maps / Web,,,,2026-06-27 03:04:25,NGA-982385
Chic Style Studio,Clothing Boutiques,+2340719928692,chicstylestudio@outlook.com,"82 Ajah, Mpape, Abuja",Abuja,Mpape,,https://chicstylestudio.ng,4.0,174,Google Maps / Web,,,,2026-06-27 03:04:25,NGA-233760
Justice Law Firm,Law Firms,+2340907194684,justicelawfirm@gmail.com,"108 Adeyemo Alakija Street, Lagos Island, Lagos",Lagos,Lagos Island,,https://justicelawfirm.org.ng,3.9,60,Google Maps / Web,,,,2026-06-27 03:04:25,NGA-817041
Thread Stitch Studio,Tailor Shops,+2340817149983,threadstitchstudio@hotmail.com,"44 Ikorodu Road, Wuro Hausa, Yola",Yola,Wuro Hausa,,https://threadstitchstudio.ng,4.8,16,Google Maps / Web,,,,2026-06-27 03:04:25,NGA-523351
Gleam Clean Car Co.,Car Washes,+2340713374643,gleamcleancarco@hotmail.com,"154 Johnson Street, Mando, Kaduna",Kaduna,Mando,,https://gleamcleancar.com.ng,5.0,38,Google Maps / Web,,,,2026-06-27 03:04:25,NGA-725330
Fit Fitness Studio,Gyms,+2340804707568,fitfitnessstudio@hotmail.com,"188 Victoria Island, Ikot Ansa, Calabar",Calabar,Ikot Ansa,,https://fitfitnessstudio.ng,3.9,413,Google Maps / Web,,,,2026-06-27 03:04:25,NGA-515566
Pizza Italian Pizza,Pizzerias,+2340919884426,pizzaitalianpizza@yahoo.com,"133 Agungi, Gwadabawa, Yola",Yola,Gwadabawa,,https://pizzaitalianpizza.biz,4.8,205,Google Maps / Web,,,,2026-06-27 03:04:25,NGA-454930
Health Vet Clinic,Veterinary Clinics,+2340919461976,healthvetclinic@hotmail.com,"191 Kofi Annan Street, Iranje, Abeokuta",Abeokuta,Iranje,,https://healthvetclinic.org.ng,4.8,334,Google Maps / Web,,,,2026-06-27 03:04:25,NGA-657393
Royal Hospital,Medical Clinics,+2340905274320,royalhospital@gmail.com,"79 Johnson Street, Rumuola, Port Harcourt",Port Harcourt,Rumuola,,https://royalhospital.biz,3.5,27,Google Maps / Web,,,,2026-06-27 03:04:25,NGA-612141
Life Pharmacy Centre,Pharmacies,+2340910547566,lifepharmacycentre@outlook.com,"111 Oregun Road, Oloje, Ilorin",Ilorin,Oloje,,https://lifepharmacycentre.com.ng,5.0,223,Google Maps / Web,,,,2026-06-27 03:04:25,NGA-406396
Fine Food Services,Caterers,+2340818607253,finefoodservices@outlook.com,"83 Oregun Road, Oke Mosan, Abeokuta",Abeokuta,Oke Mosan,,https://finefoodservices.com.ng,4.7,9,Google Maps / Web,,,,2026-06-27 03:04:25,NGA-724665
Art Photo Gallery,Photo Studios,+2340816498271,artphotogallery@outlook.com,"178 Lekki Epe Expressway, Ikoyi, Lagos",Lagos,Ikoyi,,https://artphotogallery.com.ng,4.8,178,Google Maps / Web,,,,2026-06-27 03:04:25,NGA-620051
Animal Animal Clinic,Veterinary Clinics,+2340917652392,animalanimalclinic@hotmail.com,"59 Badagry Expressway, Isale Oja, Oshogbo",Oshogbo,Isale Oja,,https://animalanimalclinic.ng,4.1,64,Google Maps / Web,,,,2026-06-27 03:04:25,NGA-352947
Care Drug Store,Pharmacies,+2340915126055,caredrugstore@yahoo.com,"31 Allen Avenue, Badarawa, Kaduna",Kaduna,Badarawa,,https://caredrugstore.ng,4.6,131,Google Maps / Web,,,,2026-06-27 03:04:25,NGA-731505
Blooming Floral Design,Flower Shops,+2340918419654,bloomingfloraldesign@gmail.com,"31 Mobolaji Bank Anthony Marina Road, Adesuwa, Benin City",Benin City,Adesuwa,,https://bloomingfloraldesign.com,4.2,357,Google Maps / Web,,,,2026-06-27 03:04:25,NGA-918942
Med Diagnostic Centre,Medical Clinics,+2340710423087,meddiagnosticcentre@hotmail.com,"140 Johnson Street, Mapo, Ibadan",Ibadan,Mapo,,https://meddiagnosticcentre.ng,3.6,97,Google Maps / Web,,,,2026-06-27 03:04:25,NGA-172822
Bloom Floral Shop,Flower Shops,+2340908264612,bloomfloralshop@yahoo.com,"55 Sangotedo, Isabo, Abeokuta",Abeokuta,Isabo,,https://bloomfloralshop.org.ng,4.2,397,Google Maps / Web,,,,2026-06-27 03:04:25,NGA-186932
Master Auto Centre,Auto Repair Shops,+2340708994007,masterautocentre@yahoo.com,"110 Billings Way, Damboa, Maiduguri",Maiduguri,Damboa,,https://masterautocentre.ng,3.9,293,Google Maps / Web,,,,2026-06-27 03:04:25,NGA-952575
Vogue Fashion Hub,Clothing Boutiques,+2340709084577,voguefashionhub@outlook.com,"20 Moloney Street, Isiekpe, Umuahia",Umuahia,Isiekpe,,https://voguefashionhub.org.ng,3.5,55,Google Maps / Web,,,,2026-06-27 03:04:25,NGA-497379
Expert Tax & Financial,Tax Consultants,+2340710186637,experttaxandfinancial@yahoo.com,"181 Oregun Road, Gwale, Kano",Kano,Gwale,,https://experttaxandfinancial.ng,4.4,38,Google Maps / Web,,,,2026-06-27 03:04:25,NGA-968439
Care Dental Office,Dental Clinics,+2340801734146,caredentaloffice@hotmail.com,"33 Adeola Odeku Street, Umuchima, Owerri",Owerri,Umuchima,,https://caredentaloffice.biz,4.8,90,Google Maps / Web,,,,2026-06-27 03:04:25,NGA-910642
Smart Electronics Mart,Electronics Shops,+2340713666441,smartelectronicsmart@hotmail.com,"196 Ikeja Way, Barracks, Lokoja",Lokoja,Barracks,,https://smartelectronicsmart.org.ng,4.0,291,Google Maps / Web,,,,2026-06-27 03:04:25,NGA-531152
Bella Beauty Studio,Beauty Salons,+2340808852512,bellabeautystudio@outlook.com,"87 Independence Layout, Gada Biu, Jos",Jos,Gada Biu,,https://bellabeautystudio.com.ng,3.7,369,Google Maps / Web,,,,2026-06-27 03:04:25,NGA-531117
Gourmet Food Services,Caterers,+2340907566668,gourmetfoodservices@outlook.com,"86 Adeniyi Jones Avenue, Eleme, Port Harcourt",Port Harcourt,Eleme,,https://gourmetfoodservices.ng,4.2,69,Google Maps / Web,,,,2026-06-27 03:04:25,NGA-300040
Delicious Banquet Services,Caterers,+2340718406053,deliciousbanquetservices@hotmail.com,"169 Independence Layout, Puja, Lokoja",Lokoja,Puja,,https://deliciousbanquetservices.com.ng,3.8,311,Google Maps / Web,,,,2026-06-27 03:04:25,NGA-912157
Expert Tax Firm,Tax Consultants,+2340910091993,experttaxfirm@yahoo.com,"150 Sangotedo, Ajikobi, Ilorin",Ilorin,Ajikobi,,https://experttaxfirm.com,4.3,383,Google Maps / Web,,,,2026-06-27 03:04:25,NGA-781353
Gold Jewelry House,Jewelry Stores,+2340817041508,goldjewelryhouse@yahoo.com,"65 Awolowo Road, Badarawa, Kaduna",Kaduna,Badarawa,,https://goldjewelryhouse.biz,4.8,42,Google Maps / Web,,,,2026-06-27 03:04:25,NGA-260063
Scenic Grounds Maintenance,Landscapers,+2340913037155,scenicgroundsmaintenance@gmail.com,"199 Adetokunbo Ademola Road, Okene Road, Ilorin",Ilorin,Okene Road,,https://scenicgroundsmaintenance.com,4.6,160,Google Maps / Web,,,,2026-06-27 03:04:25,NGA-966796
Bella Beauty Bar,Beauty Salons,+2340901837193,bellabeautybar@gmail.com,"83 Awolowo Road, Karewa, Yola",Yola,Karewa,,https://bellabeautybar.com,4.6,409,Google Maps / Web,,,,2026-06-27 03:04:25,NGA-635991
Sharp Press House,Dry Cleaners,+2340708586239,sharppresshouse@gmail.com,"27 King George V Road, Igbona, Oshogbo",Oshogbo,Igbona,,https://sharppresshouse.ng,4.4,397,Google Maps / Web,,,,2026-06-27 03:04:25,NGA-823594
Fine Restaurant & Bar,Restaurants,+2340806949675,finerestaurantandbar@yahoo.com,"86 Billings Way, Brahma Road, Lokoja",Lokoja,Brahma Road,,https://finerestaurantandbar.com,4.2,37,Google Maps / Web,,,,2026-06-27 03:04:25,NGA-345931
Aroma Coffee Lounge,Coffee Shops,+2340814391434,aromacoffeelounge@outlook.com,"77 Independence Layout, Ikot Effanga, Calabar",Calabar,Ikot Effanga,,https://aromaffeelounge.com.ng,4.5,331,Google Maps / Web,,,,2026-06-27 03:04:25,NGA-935896
Pristine Cleaning Services,Dry Cleaners,+2340818284388,pristinecleaningservices@outlook.com,"64 Moloney Street, Shuwari, Kano",Kano,Shuwari,,https://pristinecleaningservices.com.ng,4.9,139,Google Maps / Web,,,,2026-06-27 03:04:25,NGA-943447
Royal Restaurant Lounge,Restaurants,+2340916629043,royalrestaurantlounge@yahoo.com,"80 Kakawa Street, Olugbemi, Oshogbo",Oshogbo,Olugbemi,,https://royalrestaurantlounge.org.ng,4.7,181,Google Maps / Web,,,,2026-06-27 03:04:25,NGA-217477
Animal Care Vet Services,Veterinary Clinics,+2340711110050,animalcarevetservices@hotmail.com,"33 Ikeja Way, Isale Oja, Oshogbo",Oshogbo,Isale Oja,,https://animalcarevetservices.com.ng,4.8,295,Google Maps / Web,,,,2026-06-27 03:04:25,NGA-969212
Earth Landscape Design,Landscapers,+2340811527678,earthlandscapedesign@yahoo.com,"79 Ajah, Kabong, Jos",Jos,Kabong,,https://earthlandscapedesign.com.ng,4.1,250,Google Maps / Web,,,,2026-06-27 03:04:25,NGA-119371
Clean Laundry,Dry Cleaners,+2340814171277,cleanlaundry@outlook.com,"107 Sangotedo, Rayfield, Jos",Jos,Rayfield,,https://cleanlaundry.ng,4.5,147,Google Maps / Web,,,,2026-06-27 03:04:25,NGA-564644
Tasty Kitchen,Caterers,+2340710732589,tastykitchen@yahoo.com,"164 Opebi Road, Egbu, Owerri",Owerri,Egbu,,https://tastykitchen.org.ng,4.3,392,Google Maps / Web,,,,2026-06-27 03:04:25,NGA-906672
Serenity Yoga & Meditation,Yoga Studios,+2340800616865,serenityyogaandmeditation@hotmail.com,"170 Nnamdi Azikiwe Street, Garki, Abuja",Abuja,Garki,,https://serenityyogaandmeditation.com.ng,4.5,321,Google Maps / Web,,,,2026-06-27 03:04:25,NGA-774083
Justice Chambers,Law Firms,+2340802805561,justicechambers@outlook.com,"123 Ikorodu Road, Nsukka, Enugu",Enugu,Nsukka,,https://justicechambers.com,4.7,436,Google Maps / Web,,,,2026-06-27 03:04:25,NGA-357763
Scenic Lawn Care,Landscapers,+2340703201641,sceniclawncare@gmail.com,"154 Nnamdi Azikiwe Street, Umuohu, Umuahia",Umuahia,Umuohu,,https://sceniclawncare.biz,4.8,246,Google Maps / Web,,,,2026-06-27 03:04:25,NGA-879822
Pro Air Tech,HVAC Services,+2340818387978,proairtech@outlook.com,"168 Johnson Street, Mapo, Ibadan",Ibadan,Mapo,,https://proairtech.com.ng,4.9,397,Google Maps / Web,,,,2026-06-27 03:04:25,NGA-797955
Royal Bread Co.,Bakeries,+2340908500172,royalbreadco@hotmail.com,"5 Nnamdi Azikiwe Street, Tarauni, Kano",Kano,Tarauni,,https://royalbread.ng,3.5,274,Google Maps / Web,,,,2026-06-27 03:04:25,NGA-854101
Elite Gym Studio,Gyms,+2340916092264,elitegymstudio@outlook.com,"109 Oba Akran Avenue, Idi Oro, Abeokuta",Abeokuta,Idi Oro,,https://elitegymstudio.com.ng,3.9,381,Google Maps / Web,,,,2026-06-27 03:04:25,NGA-989087
Gentleman Cut Studio,Barber Shops,+2340705584258,gentlemancutstudio@gmail.com,"176 Adeyemo Alakija Street, GRA, Benin City",Benin City,GRA,,https://gentlemancutstudio.com,4.3,242,Google Maps / Web,,,,2026-06-27 03:04:25,NGA-663742
Expert Tech Hub,Electronics Shops,+2340916027992,experttechhub@gmail.com,"148 Allen Avenue, Modeke, Oshogbo",Oshogbo,Modeke,,https://experttechhub.biz,3.9,21,Google Maps / Web,,,,2026-06-27 03:04:25,NGA-963212
Expert Plumbing Co.,Plumbers,+2340908827878,expertplumbingco@outlook.com,"39 Opebi Road, Obinze, Owerri",Owerri,Obinze,,https://expertplumbing.com,5.0,208,Google Maps / Web,,,,2026-06-27 03:04:25,NGA-260590
Gentle Dental Office,Dental Clinics,+2340914644271,gentledentaloffice@outlook.com,"118 Ajah, Ijare, Akure",Akure,Ijare,,https://gentledentaloffice.biz,4.9,317,Google Maps / Web,,,,2026-06-27 03:04:25,NGA-358572
Wash Express Wash,Car Washes,+2340804289013,washexpresswash@yahoo.com,"33 Oregun Road, Puja, Lokoja",Lokoja,Puja,,https://washexpresswash.biz,4.7,353,Google Maps / Web,,,,2026-06-27 03:04:25,NGA-336507
Exquisite Catering,Caterers,+2340912163735,exquisitecatering@gmail.com,"154 Mobolaji Bank Anthony Marina Road, Okhoro, Benin City",Benin City,Okhoro,,https://exquisitecatering.ng,4.6,197,Google Maps / Web,,,,2026-06-27 03:04:25,NGA-709122
Urban Grooming Studio,Barber Shops,+2340718541956,urbangroomingstudio@outlook.com,"102 Ikeja Way, Epe, Lagos",Lagos,Epe,,https://urbangroomingstudio.com,4.0,421,Google Maps / Web,,,,2026-06-27 03:04:25,NGA-463682
Coffee Cafe & Bakery,Coffee Shops,+2340805311988,coffeecafeandbakery@yahoo.com,"56 Adeyemo Alakija Street, Abbaganaram, Maiduguri",Maiduguri,Abbaganaram,,https://ffeecafeandbakery.com.ng,4.0,76,Google Maps / Web,,,,2026-06-27 03:04:25,NGA-802380
Animal Animal Health Centre,Veterinary Clinics,+2340800122954,animalanimalhealthcentre@hotmail.com,"61 Johnson Street, Gada Biu, Jos",Jos,Gada Biu,,https://animalanimalhealthcentre.ng,4.0,393,Google Maps / Web,,,,2026-06-27 03:04:25,NGA-216668
The Pub,Bars,+2340710892888,thepub@gmail.com,"79 Adetokunbo Ademola Road, Isale Oja, Oshogbo",Oshogbo,Isale Oja,,https://thepub.ng,4.9,101,Google Maps / Web,,,,2026-06-27 03:04:25,NGA-620040
Fluffy Dog Grooming,Pet Groomers,+2340907770486,fluffydoggrooming@gmail.com,"9 Johnson Street, Uwelu Road, Benin City",Benin City,Uwelu Road,,https://fluffydoggrooming.biz,3.6,225,Google Maps / Web,,,,2026-06-27 03:04:25,NGA-158091
Shine Car Detailing,Car Washes,+2340900775881,shinecardetailing@hotmail.com,"149 Ahmadu Bello Way, Namtari, Yola",Yola,Namtari,,https://shinecardetailing.org.ng,4.0,182,Google Maps / Web,,,,2026-06-27 03:04:25,NGA-910041
Pro Fitness Centre,Gyms,+2340916286571,profitnesscentre@yahoo.com,"82 Allen Roundabout, Eldorov, Calabar",Calabar,Eldorov,,https://profitnesscentre.com,3.8,137,Google Maps / Web,,,,2026-06-27 03:04:25,NGA-549474
Elite Jewelry Boutique,Jewelry Stores,+2340818521690,elitejewelryboutique@outlook.com,"130 Awolowo Way, Iva, Enugu",Enugu,Iva,,https://elitejewelryboutique.com.ng,3.7,317,Google Maps / Web,,,,2026-06-27 03:04:25,NGA-184423
Garden Garden Services,Landscapers,+2340701886557,gardengardenservices@outlook.com,"13 Oregun Road, Ikot Okubo, Calabar",Calabar,Ikot Okubo,,https://gardengardenservices.biz,4.5,240,Google Maps / Web,,,,2026-06-27 03:04:25,NGA-623236
Radiance Wellness Spa,Beauty Salons,+2340809511284,radiancewellnessspa@yahoo.com,"56 Tiamiyu Savage Street, Gwange, Maiduguri",Maiduguri,Gwange,,https://radiancewellnessspa.biz,3.8,277,Google Maps / Web,,,,2026-06-27 03:04:25,NGA-160037
Pristine Dry Cleaning,Dry Cleaners,+2340719243380,pristinedrycleaning@outlook.com,"77 Kodesoh Street, Yan Shanu, Jos",Jos,Yan Shanu,,https://pristinedrycleaning.org.ng,4.6,134,Google Maps / Web,,,,2026-06-27 03:04:25,NGA-981781
Pro Auto Solutions,Auto Repair Shops,+2340803927256,proautosolutions@yahoo.com,"136 Kakawa Street, Gwadabawa, Yola",Yola,Gwadabawa,,https://proautosolutions.ng,4.0,463,Google Maps / Web,,,,2026-06-27 03:04:25,NGA-661071
Grand Sweet Bakery,Bakeries,+2340918299543,grandsweetbakery@yahoo.com,"53 Broad Street, Ajah, Lagos",Lagos,Ajah,,https://grandsweetbakery.com,4.7,134,Google Maps / Web,,,,2026-06-27 03:04:25,NGA-379956
Diamond Diamond Jewellers,Jewelry Stores,+2340809541806,diamonddiamondjewellers@hotmail.com,"13 Sangotedo, Brahma Road, Lokoja",Lokoja,Brahma Road,,https://diamonddiamondjewellers.biz,3.8,147,Google Maps / Web,,,,2026-06-27 03:04:25,NGA-111993
Exquisite Caterers,Caterers,+2340810501136,exquisitecaterers@yahoo.com,"50 Festac Mile 2, Karsana, Abuja",Abuja,Karsana,,https://exquisitecaterers.ng,4.8,386,Google Maps / Web,,,,2026-06-27 03:04:25,NGA-407198
Zen Yoga Space,Yoga Studios,+2340714013362,zenyogaspace@outlook.com,"21 Festac Mile 2, Akabo, Owerri",Owerri,Akabo,,https://zenyogaspace.com,3.6,171,Google Maps / Web,,,,2026-06-27 03:04:25,NGA-188894
Groom Pet Care,Pet Groomers,+2340703994209,groompetcare@hotmail.com,"119 Lekki Epe Expressway, Okesa, Oshogbo",Oshogbo,Okesa,,https://groompetcare.ng,4.8,487,Google Maps / Web,,,,2026-06-27 03:04:25,NGA-201220
Royal Bakes,Bakeries,+2340714215462,royalbakes@hotmail.com,"97 Lekki Epe Expressway, Idanre Road, Akure",Akure,Idanre Road,,https://royalbakes.com,3.7,339,Google Maps / Web,,,,2026-06-27 03:04:25,NGA-785182
Expert Pipe Fitters,Plumbing Services,+2340817236663,expertpipefitters@outlook.com,"164 Ikorodu Road, Otu, Calabar",Calabar,Otu,,https://expertpipefitters.com,3.6,337,Google Maps / Web,,,,2026-06-27 03:04:25,NGA-334910
Beauty Beauty Studio,Hair Salons,+2340707649552,beautybeautystudio@hotmail.com,"98 Mobolaji Bank Anthony Marina Road, Doka, Kaduna",Kaduna,Doka,,https://beautybeautystudio.ng,4.6,107,Google Maps / Web,,,,2026-06-27 03:04:25,NGA-770473
Tasty Catering,Caterers,+2340713419143,tastycatering@gmail.com,"20 Awolowo Way, Iranje, Abeokuta",Abeokuta,Iranje,,https://tastycatering.com.ng,4.8,238,Google Maps / Web,,,,2026-06-27 03:04:25,NGA-883866
Life Medical Clinic,Medical Clinics,+2340805800671,lifemedicalclinic@hotmail.com,"59 King George V Road, Egbu, Owerri",Owerri,Egbu,,https://lifemedicalclinic.org.ng,3.6,115,Google Maps / Web,,,,2026-06-27 03:04:25,NGA-961540
Couture Fashion Boutique,Clothing Boutiques,+2340901263226,couturefashionboutique@yahoo.com,"155 Ozumba Mbadiwe Road, Orita Merin, Ibadan",Ibadan,Orita Merin,,https://uturefashionboutique.com.ng,3.5,368,Google Maps / Web,,,,2026-06-27 03:04:25,NGA-593988
Royal Night Club,Bars,+2340706559897,royalnightclub@hotmail.com,"33 Badagry Expressway, Garki, Abuja",Abuja,Garki,,https://royalnightclub.org.ng,4.1,419,Google Maps / Web,,,,2026-06-27 03:04:25,NGA-207623
Lawn Green Spaces,Landscapers,+2340714961766,lawngreenspaces@yahoo.com,"32 Ola-Ayinde Street, Amechi, Enugu",Enugu,Amechi,,https://lawngreenspaces.ng,4.1,348,Google Maps / Web,,,,2026-06-27 03:04:25,NGA-671155
Bloom Landscaping,Landscapers,+2340800369013,bloomlandscaping@gmail.com,"10 Opebi Road, Isiala, Umuahia",Umuahia,Isiala,,https://bloomlandscaping.biz,4.8,406,Google Maps / Web,,,,2026-06-27 03:04:25,NGA-396155
Novel Academic Books,Bookstores,+2340705447933,novelacademicbooks@outlook.com,"159 Billings Way, Itaogbolu, Akure",Akure,Itaogbolu,,https://novelacademicbooks.org.ng,3.7,272,Google Maps / Web,,,,2026-06-27 03:04:25,NGA-702087
Botanical Petals & Blooms,Flower Shops,+2340810056322,botanicalpetalsandblooms@yahoo.com,"8 Opebi Road, Akala Expressway, Ibadan",Ibadan,Akala Expressway,,https://botanicalpetalsandblooms.biz,3.7,159,Google Maps / Web,,,,2026-06-27 03:04:25,NGA-148687
Perfect Tailors,Tailor Shops,+2340911151701,perfecttailors@outlook.com,"142 King George V Road, Durumi, Abuja",Abuja,Durumi,,https://perfecttailors.com.ng,4.7,159,Google Maps / Web,,,,2026-06-27 03:04:25,NGA-671312
Sweet Sweet Bakery,Bakeries,+2340804760113,sweetsweetbakery@outlook.com,"7 Broad Street, Gwadabawa, Yola",Yola,Gwadabawa,,https://sweetsweetbakery.com,3.6,195,Google Maps / Web,,,,2026-06-27 03:04:25,NGA-196824
Diamond Gold Store,Jewelry Stores,+2340714455376,diamondgoldstore@hotmail.com,"35 Kakawa Street, Ikot Ansa, Calabar",Calabar,Ikot Ansa,,https://diamondgoldstore.ng,4.2,488,Google Maps / Web,,,,2026-06-27 03:04:25,NGA-157205
Hardware Hardware & Tools,Hardware Stores,+2340905815082,hardwarehardwareandtools@gmail.com,"77 Oregun Road, Sodeke, Abeokuta",Abeokuta,Sodeke,,https://hardwarehardwareandtools.com.ng,3.9,324,Google Maps / Web,,,,2026-06-27 03:04:25,NGA-405568
Smile Dental Centre,Dental Clinics,+2340714856749,smiledentalcentre@outlook.com,"36 Ikeja Way, Maitama, Abuja",Abuja,Maitama,,https://smiledentalcentre.biz,4.1,400,Google Maps / Web,,,,2026-06-27 03:04:25,NGA-760145
Lens Image Studio,Photo Studios,+2340706654746,lensimagestudio@hotmail.com,"133 Allen Avenue, Lugbe, Abuja",Abuja,Lugbe,,https://lensimagestudio.com,4.6,21,Google Maps / Web,,,,2026-06-27 03:04:25,NGA-123717
Wood Fire Pizza Kitchen,Pizzerias,+2340808211955,woodfirepizzakitchen@gmail.com,"94 Sangotedo, Edgerley, Calabar",Calabar,Edgerley,,https://woodfirepizzakitchen.biz,5.0,33,Google Maps / Web,,,,2026-06-27 03:04:25,NGA-447349
Coffee Coffee Shop,Coffee Shops,+2340917451942,coffeecoffeeshop@outlook.com,"107 Festac Mile 2, Wuro Hausa, Yola",Yola,Wuro Hausa,,https://ffeeffeeshop.com.ng,4.8,144,Google Maps / Web,,,,2026-06-27 03:04:25,NGA-215083
Balance Yoga Academy,Yoga Studios,+2340703797510,balanceyogaacademy@yahoo.com,"41 Mobolaji Bank Anthony Marina Road, Rayfield, Jos",Jos,Rayfield,,https://balanceyogaacademy.com,3.9,449,Google Maps / Web,,,,2026-06-27 03:04:25,NGA-515684
Red Night Club,Bars,+2340901278674,rednightclub@gmail.com,"96 Adeola Odeku Street, Umuagu, Umuahia",Umuahia,Umuagu,,https://rednightclub.com,4.5,429,Google Maps / Web,,,,2026-06-27 03:04:25,NGA-589120
Glow Aesthetic Studio,Beauty Salons,+2340911657821,glowaestheticstudio@outlook.com,"178 Adetokunbo Ademola Road, Yan Shanu, Jos",Jos,Yan Shanu,,https://glowaestheticstudio.com.ng,4.7,341,Google Maps / Web,,,,2026-06-27 03:04:25,NGA-101562
Care Veterinary Centre,Veterinary Clinics,+2340814503978,careveterinarycentre@outlook.com,"163 Victoria Island, Ikoyi, Lagos",Lagos,Ikoyi,,https://careveterinarycentre.com,5.0,412,Google Maps / Web,,,,2026-06-27 03:04:25,NGA-618794
Gleam Auto Wash,Car Washes,+2340810573765,gleamautowash@outlook.com,"23 Awolowo Way, Ikot Ekpenyong, Calabar",Calabar,Ikot Ekpenyong,,https://gleamautowash.ng,4.3,67,Google Maps / Web,,,,2026-06-27 03:04:25,NGA-264435
Modern Dental Care,Dental Clinics,+2340708280324,moderndentalcare@hotmail.com,"137 Awolowo Road, Doka, Kaduna",Kaduna,Doka,,https://moderndentalcare.ng,4.2,282,Google Maps / Web,,,,2026-06-27 03:04:25,NGA-189922
Fresh Barber Shop,Barber Shops,+2340701438979,freshbarbershop@outlook.com,"63 Lekki Epe Expressway, Ndume, Umuahia",Umuahia,Ndume,,https://freshbarbershop.ng,3.7,347,Google Maps / Web,,,,2026-06-27 03:04:25,NGA-740347
Divine Medical Clinic,Medical Clinics,+2340718624555,divinemedicalclinic@hotmail.com,"195 Kakawa Street, Idanre Road, Akure",Akure,Idanre Road,,https://divinemedicalclinic.com.ng,4.8,123,Google Maps / Web,,,,2026-06-27 03:04:25,NGA-382250
Fresh Office Cleaning,Cleaning Services,+2340818575049,freshofficecleaning@outlook.com,"119 Adeola Odeku Street, Ajah, Lagos",Lagos,Ajah,,https://freshofficecleaning.com,4.0,123,Google Maps / Web,,,,2026-06-27 03:04:25,NGA-706236
Sweet Patisserie,Bakeries,+2340719266305,sweetpatisserie@yahoo.com,"47 King George V Road, Ganaja, Lokoja",Lokoja,Ganaja,,https://sweetpatisserie.ng,4.9,130,Google Maps / Web,,,,2026-06-27 03:04:25,NGA-827218
Velvet Hair & Beauty,Hair Salons,+2340816082737,velvethairandbeauty@gmail.com,"9 Independence Layout, Oke Bale, Oshogbo",Oshogbo,Oke Bale,,https://velvethairandbeauty.com.ng,4.0,224,Google Maps / Web,,,,2026-06-27 03:04:25,NGA-405508
Golden Lounge,Bars,+2340704686798,goldenlounge@gmail.com,"199 Maryland, Eziama, Aba",Aba,Eziama,,https://goldenlounge.ng,4.9,400,Google Maps / Web,,,,2026-06-27 03:04:25,NGA-601124
Elite Barber House,Barber Shops,+2340908393969,elitebarberhouse@hotmail.com,"174 Billings Way, Ukwa Road, Aba",Aba,Ukwa Road,,https://elitebarberhouse.org.ng,4.3,405,Google Maps / Web,,,,2026-06-27 03:04:25,NGA-307078
Fresh Cleaning Solutions,Cleaning Services,+2340718678525,freshcleaningsolutions@hotmail.com,"148 King George V Road, Victoria Island, Lagos",Lagos,Victoria Island,,https://freshcleaningsolutions.biz,3.6,132,Google Maps / Web,,,,2026-06-27 03:04:25,NGA-198943
Rapid Plumbing,Plumbers,+2340819333761,rapidplumbing@outlook.com,"68 Kofi Annan Street, Osisioma, Aba",Aba,Osisioma,,https://rapidplumbing.biz,4.7,260,Google Maps / Web,,,,2026-06-27 03:04:25,NGA-425000
Spotless Cleaning Services,Cleaning Services,+2340707469299,spotlesscleaningservices@yahoo.com,"134 Adeyemo Alakija Street, Uwanse, Calabar",Calabar,Uwanse,,https://spotlesscleaningservices.biz,3.9,19,Google Maps / Web,,,,2026-06-27 03:04:25,NGA-601321
Savory Pizza Kitchen,Pizzerias,+2340908869362,savorypizzakitchen@gmail.com,"7 Ikorodu Road, Modeke, Oshogbo",Oshogbo,Modeke,,https://savorypizzakitchen.org.ng,3.9,180,Google Maps / Web,,,,2026-06-27 03:04:25,NGA-345545
Golden Kitchen,Restaurants,+2340819471550,goldenkitchen@gmail.com,"97 Sangotedo, Nasarawa, Kano",Kano,Nasarawa,,https://goldenkitchen.com.ng,3.7,485,Google Maps / Web,,,,2026-06-27 03:04:25,NGA-355993
Sew Custom Tailor,Tailor Shops,+2340700783062,sewcustomtailor@gmail.com,"76 Maryland, Yan Shanu, Jos",Jos,Yan Shanu,,https://sewcustomtailor.biz,4.5,269,Google Maps / Web,,,,2026-06-27 03:04:25,NGA-335964
Master Home Improvement,Hardware Stores,+2340905081887,masterhomeimprovement@yahoo.com,"28 Tiamiyu Savage Street, Shehuri, Maiduguri",Maiduguri,Shehuri,,https://masterhomeimprovement.org.ng,4.0,303,Google Maps / Web,,,,2026-06-27 03:04:25,NGA-611353
Pro Home Improvement,Hardware Stores,+2340802334111,prohomeimprovement@gmail.com,"138 Awolowo Way, Oke Bale, Oshogbo",Oshogbo,Oke Bale,,https://prohomeimprovement.biz,4.6,475,Google Maps / Web,,,,2026-06-27 03:04:25,NGA-938185
Life Community Pharmacy,Pharmacies,+2340704702302,lifecommunitypharmacy@yahoo.com,"41 Broad Street, Oke Oniti, Oshogbo",Oshogbo,Oke Oniti,,https://lifemmunitypharmacy.org.ng,4.2,113,Google Maps / Web,,,,2026-06-27 03:04:25,NGA-506456
Blue Bar & Grill,Bars,+2340716596494,bluebarandgrill@hotmail.com,"141 Ibeju-Lekki, Oke Mosan, Abeokuta",Abeokuta,Oke Mosan,,https://bluebarandgrill.com.ng,3.7,165,Google Maps / Web,,,,2026-06-27 03:04:25,NGA-866158
Landmark Real Estate Solutions,Real Estate Agencies,+2340711471097,landmarkrealestatesolutions@gmail.com,"184 Adeola Odeku Street, Lekki, Lagos",Lagos,Lekki,,https://landmarkrealestatesolutions.org.ng,3.6,184,Google Maps / Web,,,,2026-06-27 03:04:25,NGA-315360
Med Chemist,Pharmacies,+2340808907511,medchemist@outlook.com,"49 Kofi Annan Street, Gwarinpa, Abuja",Abuja,Gwarinpa,,https://medchemist.com.ng,3.6,343,Google Maps / Web,,,,2026-06-27 03:04:25,NGA-630249
Supreme Solicitors,Law Firms,+2340800386895,supremesolicitors@yahoo.com,"184 Allen Roundabout, Iguruta, Port Harcourt",Port Harcourt,Iguruta,,https://supremesolicitors.biz,3.6,456,Google Maps / Web,,,,2026-06-27 03:04:25,NGA-454032
Sparkle Auto Wash,Car Washes,+2340706160362,sparkleautowash@gmail.com,"149 Ibeju-Lekki, Akabo, Owerri",Owerri,Akabo,,https://sparkleautowash.com,3.6,492,Google Maps / Web,,,,2026-06-27 03:04:25,NGA-703117
Sparkle Cleaning Experts,Cleaning Services,+2340707617205,sparklecleaningexperts@yahoo.com,"2 Marina Road, Oke Oniti, Oshogbo",Oshogbo,Oke Oniti,,https://sparklecleaningexperts.com,4.3,134,Google Maps / Web,,,,2026-06-27 03:04:25,NGA-870907
Spirit Yoga & Wellness,Yoga Studios,+2340715829432,spirityogaandwellness@yahoo.com,"133 Akin Adesola Street, Modeke, Oshogbo",Oshogbo,Modeke,,https://spirityogaandwellness.biz,4.7,262,Google Maps / Web,,,,2026-06-27 03:04:25,NGA-910063
Fit Health Club,Gyms,+2340718445086,fithealthclub@outlook.com,"46 Kakawa Street, Isiala, Umuahia",Umuahia,Isiala,,https://fithealthclub.com.ng,4.4,314,Google Maps / Web,,,,2026-06-27 03:04:25,NGA-774141
Balance Yoga Studio & Spa,Yoga Studios,+2340809469791,balanceyogastudioandspa@yahoo.com,"153 Ikeja Way, Uwanse, Calabar",Calabar,Uwanse,,https://balanceyogastudioandspa.com,4.5,381,Google Maps / Web,,,,2026-06-27 03:04:25,NGA-238814
Polish Wash Station,Car Washes,+2340817701837,polishwashstation@outlook.com,"41 Ojo Road, Garki, Abuja",Abuja,Garki,,https://polishwashstation.com,4.4,388,Google Maps / Web,,,,2026-06-27 03:04:25,NGA-327642
Health Clinic,Medical Clinics,+2340707105341,healthclinic@hotmail.com,"169 Tiamiyu Savage Street, Maitama, Abuja",Abuja,Maitama,,https://healthclinic.com,4.2,75,Google Maps / Web,,,,2026-06-27 03:04:25,NGA-265064
Tech Electronics Store,Electronics Shops,+2340713252870,techelectronicsstore@hotmail.com,"76 Lekki Epe Expressway, Bukuru, Jos",Jos,Bukuru,,https://techelectronicsstore.com,3.6,335,Google Maps / Web,,,,2026-06-27 03:04:25,NGA-613138
Aqua Pipe Services,Plumbers,+2340804058577,aquapipeservices@yahoo.com,"22 Victoria Island, Iva, Enugu",Enugu,Iva,,https://aquapipeservices.com.ng,3.8,78,Google Maps / Web,,,,2026-06-27 03:04:25,NGA-531953
Cafe Coffee Lounge,Coffee Shops,+2340902306890,cafecoffeelounge@hotmail.com,"70 Adeniyi Jones Avenue, Kawo, Kaduna",Kaduna,Kawo,,https://cafeffeelounge.com.ng,4.7,366,Google Maps / Web,,,,2026-06-27 03:04:25,NGA-969834
Luxe Clothing Store,Clothing Boutiques,+2340701692212,luxeclothingstore@yahoo.com,"115 Independence Layout, Ijare, Akure",Akure,Ijare,,https://luxeclothingstore.biz,4.4,127,Google Maps / Web,,,,2026-06-27 03:04:25,NGA-687285
Cute Pet Stylist,Pet Groomers,+2340713070454,cutepetstylist@hotmail.com,"175 Ikeja Way, Uwanse, Calabar",Calabar,Uwanse,,https://cutepetstylist.org.ng,4.3,447,Google Maps / Web,,,,2026-06-27 03:04:25,NGA-784621
Spirit Yoga Hub,Yoga Studios,+2340803775888,spirityogahub@yahoo.com,"188 Victoria Island, Olugbemi, Oshogbo",Oshogbo,Olugbemi,,https://spirityogahub.com.ng,4.3,30,Google Maps / Web,,,,2026-06-27 03:04:25,NGA-555782
Health Health Centre,Medical Clinics,+2340806697618,healthhealthcentre@outlook.com,"46 Maryland, Isiala, Umuahia",Umuahia,Isiala,,https://healthhealthcentre.com.ng,4.7,191,Google Maps / Web,,,,2026-06-27 03:04:25,NGA-503179
Green Night Club,Bars,+2340713154711,greennightclub@yahoo.com,"139 Adetokunbo Ademola Road, Igoba, Akure",Akure,Igoba,,https://greennightclub.ng,4.7,17,Google Maps / Web,,,,2026-06-27 03:04:25,NGA-149463
Gentle Dental Clinic,Dental Clinics,+2340907731412,gentledentalclinic@hotmail.com,"161 Ikorodu Road, Uwanse, Calabar",Calabar,Uwanse,,https://gentledentalclinic.biz,4.1,106,Google Maps / Web,,,,2026-06-27 03:04:25,NGA-213527
Pet Animal Grooming,Pet Groomers,+2340814703337,petanimalgrooming@gmail.com,"177 Allen Avenue, Ajah, Lagos",Lagos,Ajah,,https://petanimalgrooming.com.ng,4.9,197,Google Maps / Web,,,,2026-06-27 03:04:25,NGA-516537
Master Aqua Tech,Plumbers,+2340813000145,masteraquatech@hotmail.com,"16 Lekki Epe Expressway, Rukuba, Jos",Jos,Rukuba,,https://masteraquatech.ng,3.8,39,Google Maps / Web,,,,2026-06-27 03:04:25,NGA-396284
Glow Beauty Lounge,Beauty Salons,+2340907544359,glowbeautylounge@outlook.com,"87 Adetokunbo Ademola Road, Wuro Hausa, Yola",Yola,Wuro Hausa,,https://glowbeautylounge.org.ng,4.5,280,Google Maps / Web,,,,2026-06-27 03:04:25,NGA-404293
Tool Home Improvement,Hardware Stores,+2340708449957,toolhomeimprovement@outlook.com,"107 Badagry Expressway, Amuzukwu, Umuahia",Umuahia,Amuzukwu,,https://toolhomeimprovement.ng,4.6,467,Google Maps / Web,,,,2026-06-27 03:04:25,NGA-629906
Dental Smile Clinic,Dental Clinics,+2340819576606,dentalsmileclinic@hotmail.com,"173 Awolowo Way, Dala, Kano",Kano,Dala,,https://dentalsmileclinic.biz,3.9,238,Google Maps / Web,,,,2026-06-27 03:04:25,NGA-912162
Divine Hair Salon,Hair Salons,+2340702898981,divinehairsalon@yahoo.com,"134 Abijo, Fufore, Yola",Yola,Fufore,,https://divinehairsalon.org.ng,4.6,122,Google Maps / Web,,,,2026-06-27 03:04:25,NGA-169088
Press Garment Care,Dry Cleaners,+2340804827573,pressgarmentcare@outlook.com,"88 Ahmadu Bello Way, Shuwari, Kano",Kano,Shuwari,,https://pressgarmentcare.org.ng,4.1,217,Google Maps / Web,,,,2026-06-27 03:04:25,NGA-327858
Cheesy Pizza Express,Pizzerias,+2340704959650,cheesypizzaexpress@yahoo.com,"174 Ojo Road, Tarauni, Kano",Kano,Tarauni,,https://cheesypizzaexpress.com,4.0,307,Google Maps / Web,,,,2026-06-27 03:04:25,NGA-744072
Cyber Electronics,Electronics Shops,+2340915831084,cyberelectronics@outlook.com,"121 Ikeja Way, Laranto, Jos",Jos,Laranto,,https://cyberelectronics.com.ng,3.7,117,Google Maps / Web,,,,2026-06-27 03:04:25,NGA-496606
Aqua Water Works,Plumbers,+2340906845068,aquawaterworks@hotmail.com,"103 Allen Roundabout, Lagos Island, Lagos",Lagos,Lagos Island,,https://aquawaterworks.com,3.6,81,Google Maps / Web,,,,2026-06-27 03:04:25,NGA-174698
Clear Car Wash,Car Washes,+2340809466400,clearcarwash@hotmail.com,"13 Ajah, Dagbolu, Oshogbo",Oshogbo,Dagbolu,,https://clearcarwash.com.ng,4.7,51,Google Maps / Web,,,,2026-06-27 03:04:25,NGA-782968
Beauty Glam Studio,Hair Salons,+2340816658762,beautyglamstudio@hotmail.com,"175 Badagry Expressway, Faulks Road, Aba",Aba,Faulks Road,,https://beautyglamstudio.com,3.5,111,Google Maps / Web,,,,2026-06-27 03:04:25,NGA-895471
Luxe Hair House,Hair Salons,+2340811668085,luxehairhouse@gmail.com,"59 Opebi Road, Sangi Baboko, Ilorin",Ilorin,Sangi Baboko,,https://luxehairhouse.org.ng,4.8,100,Google Maps / Web,,,,2026-06-27 03:04:25,NGA-571153
Shine Wash Bay,Car Washes,+2340815020860,shinewashbay@yahoo.com,"143 Campbell Street, Lekki, Lagos",Lagos,Lekki,,https://shinewashbay.com,4.2,73,Google Maps / Web,,,,2026-06-27 03:04:25,NGA-868659
Bright Oral Health,Dental Clinics,+2340715840981,brightoralhealth@outlook.com,"153 Ibeju-Lekki, Isiekpe, Umuahia",Umuahia,Isiekpe,,https://brightoralhealth.biz,4.4,475,Google Maps / Web,,,,2026-06-27 03:04:25,NGA-964650
Motor Repair Shop,Auto Repair Shops,+2340703126861,motorrepairshop@gmail.com,"10 Festac Mile 2, Ndume, Umuahia",Umuahia,Ndume,,https://motorrepairshop.ng,3.9,117,Google Maps / Web,,,,2026-06-27 03:04:25,NGA-775725
Premium Bistro,Restaurants,+2340700812106,premiumbistro@yahoo.com,"47 Kofi Annan Street, Wuro Hausa, Yola",Yola,Wuro Hausa,,https://premiumbistro.com,5.0,319,Google Maps / Web,,,,2026-06-27 03:04:25,NGA-217042
Clear Wash Bay,Car Washes,+2340917527277,clearwashbay@yahoo.com,"9 Badagry Expressway, Owode, Akure",Akure,Owode,,https://clearwashbay.ng,4.5,88,Google Maps / Web,,,,2026-06-27 03:04:25,NGA-642273
Royal Properties,Real Estate Agencies,+2340707691185,royalproperties@outlook.com,"145 Lekki Epe Expressway, Wuro Hausa, Yola",Yola,Wuro Hausa,,https://royalproperties.ng,4.6,59,Google Maps / Web,,,,2026-06-27 03:04:25,NGA-831994
Savory Bistro,Restaurants,+2340800016103,savorybistro@hotmail.com,"200 Moloney Street, Umuchima, Owerri",Owerri,Umuchima,,https://savorybistro.com.ng,4.4,126,Google Maps / Web,,,,2026-06-27 03:04:25,NGA-676140
Style Beauty Lounge,Hair Salons,+2340719025571,stylebeautylounge@hotmail.com,"27 Mobolaji Bank Anthony Marina Road, Awgu, Enugu",Enugu,Awgu,,https://stylebeautylounge.com,4.0,446,Google Maps / Web,,,,2026-06-27 03:04:25,NGA-343657
Elite Aesthetic Studio,Beauty Salons,+2340710825376,eliteaestheticstudio@hotmail.com,"196 Ozumba Mbadiwe Road, Badagry, Lagos",Lagos,Badagry,,https://eliteaestheticstudio.org.ng,3.6,491,Google Maps / Web,,,,2026-06-27 03:04:25,NGA-327660
Neat Fabric Care,Dry Cleaners,+2340912698868,neatfabriccare@yahoo.com,"86 Ilupeju Avenue, Mapo, Ibadan",Ibadan,Mapo,,https://neatfabriccare.com.ng,4.0,94,Google Maps / Web,,,,2026-06-27 03:04:25,NGA-633315
Bright Wash Bay,Car Washes,+2340700460157,brightwashbay@hotmail.com,"88 Ibeju-Lekki, Dugbe, Ibadan",Ibadan,Dugbe,,https://brightwashbay.com.ng,4.3,222,Google Maps / Web,,,,2026-06-27 03:04:25,NGA-400433
Pro Plumbers,Plumbers,+2340703301583,proplumbers@hotmail.com,"176 Adeola Odeku Street, Umuchima, Owerri",Owerri,Umuchima,,https://proplumbers.org.ng,4.8,7,Google Maps / Web,,,,2026-06-27 03:04:25,NGA-372702
Fresh Cleaning Co.,Cleaning Services,+2340911246261,freshcleaningco@hotmail.com,"120 Adeyemo Alakija Street, Iva, Enugu",Enugu,Iva,,https://freshcleaning.com,4.7,374,Google Maps / Web,,,,2026-06-27 03:04:25,NGA-388241
Prime Chambers,Law Firms,+2340806043935,primechambers@gmail.com,"174 Moloney Street, Nsukka, Enugu",Enugu,Nsukka,,https://primechambers.ng,3.6,349,Google Maps / Web,,,,2026-06-27 03:04:25,NGA-306798
Premium Bakes,Bakeries,+2340705357450,premiumbakes@hotmail.com,"33 Adeniyi Jones Avenue, Sangi Baboko, Ilorin",Ilorin,Sangi Baboko,,https://premiumbakes.com,4.2,469,Google Maps / Web,,,,2026-06-27 03:04:25,NGA-505264
White Dental Solutions,Dental Clinics,+2340917398688,whitedentalsolutions@hotmail.com,"52 Sangotedo, Eziama, Aba",Aba,Eziama,,https://whitedentalsolutions.com,4.1,479,Google Maps / Web,,,,2026-06-27 03:04:25,NGA-964511
Master Hardware & Tools,Hardware Stores,+2340809075414,masterhardwareandtools@yahoo.com,"110 Johnson Street, Birnin Yero, Kaduna",Kaduna,Birnin Yero,,https://masterhardwareandtools.biz,3.7,150,Google Maps / Web,,,,2026-06-27 03:04:25,NGA-253783
Morning Roastery,Coffee Shops,+2340714150629,morningroastery@gmail.com,"70 Awolowo Road, Bulabulin, Maiduguri",Maiduguri,Bulabulin,,https://morningroastery.ng,4.7,416,Google Maps / Web,,,,2026-06-27 03:04:25,NGA-205513
Pro Auto Workshop,Auto Repair Shops,+2340907557364,proautoworkshop@yahoo.com,"36 Marina Road, Victoria Island, Lagos",Lagos,Victoria Island,,https://proautoworkshop.ng,4.2,468,Google Maps / Web,,,,2026-06-27 03:04:25,NGA-877359
Royal Glam Studio,Hair Salons,+2340713922361,royalglamstudio@yahoo.com,"106 Ilupeju Avenue, Doka, Kaduna",Kaduna,Doka,,https://royalglamstudio.com,4.7,5,Google Maps / Web,,,,2026-06-27 03:04:25,NGA-512709
Chic Fashion Studio,Clothing Boutiques,+2340705474777,chicfashionstudio@outlook.com,"53 Independence Layout, Ajikobi, Ilorin",Ilorin,Ajikobi,,https://chicfashionstudio.org.ng,4.5,148,Google Maps / Web,,,,2026-06-27 03:04:25,NGA-254910
Fabric Tailoring,Tailor Shops,+2340708173177,fabrictailoring@hotmail.com,"184 Lekki Epe Expressway, Ikpoba Hill, Benin City",Benin City,Ikpoba Hill,,https://fabrictailoring.ng,4.9,131,Google Maps / Web,,,,2026-06-27 03:04:25,NGA-539146
Mode Boutique,Clothing Boutiques,+2340712567456,modeboutique@hotmail.com,"136 Adeyemo Alakija Street, Nekede, Owerri",Owerri,Nekede,,https://modeboutique.com.ng,4.4,395,Google Maps / Web,,,,2026-06-27 03:04:25,NGA-537227
Immaculate Cleaning Services,Dry Cleaners,+2340915465337,immaculatecleaningservices@yahoo.com,"171 Allen Avenue, Ozara, Umuahia",Umuahia,Ozara,,https://immaculatecleaningservices.ng,4.0,278,Google Maps / Web,,,,2026-06-27 03:04:25,NGA-921727
Furry Dog Grooming,Pet Groomers,+2340810423771,furrydoggrooming@yahoo.com,"50 Kakawa Street, Keesi, Abeokuta",Abeokuta,Keesi,,https://furrydoggrooming.com.ng,3.5,327,Google Maps / Web,,,,2026-06-27 03:04:25,NGA-560449
Savory Restaurant Lounge,Restaurants,+2340805533931,savoryrestaurantlounge@outlook.com,"92 Ikeja Way, Faulks Road, Aba",Aba,Faulks Road,,https://savoryrestaurantlounge.com.ng,3.9,393,Google Maps / Web,,,,2026-06-27 03:04:25,NGA-456265
Gem Jewelry Boutique,Jewelry Stores,+2340800685771,gemjewelryboutique@gmail.com,"170 Abijo, Esuk Atu, Calabar",Calabar,Esuk Atu,,https://gemjewelryboutique.com.ng,4.7,435,Google Maps / Web,,,,2026-06-27 03:04:25,NGA-269603
Oral Dental Hub,Dental Clinics,+2340717811488,oraldentalhub@outlook.com,"46 Adetokunbo Ademola Road, Okesa, Oshogbo",Oshogbo,Okesa,,https://oraldentalhub.ng,4.9,143,Google Maps / Web,,,,2026-06-27 03:04:25,NGA-323144
Black Grill & Bar,Bars,+2340801649150,blackgrillandbar@outlook.com,"120 Nnamdi Azikiwe Street, Gamboru, Maiduguri",Maiduguri,Gamboru,,https://blackgrillandbar.com.ng,5.0,59,Google Maps / Web,,,,2026-06-27 03:04:25,NGA-290591
Cute Animal Grooming,Pet Groomers,+2340812213933,cuteanimalgrooming@gmail.com,"3 Akin Adesola Street, Rumde, Yola",Yola,Rumde,,https://cuteanimalgrooming.biz,4.5,111,Google Maps / Web,,,,2026-06-27 03:04:25,NGA-659151
Royal Hair & Beauty,Hair Salons,+2340810901941,royalhairandbeauty@yahoo.com,"31 Allen Avenue, Akere Mefa, Ilorin",Ilorin,Akere Mefa,,https://royalhairandbeauty.org.ng,4.1,271,Google Maps / Web,,,,2026-06-27 03:04:25,NGA-776761
Pro Motor Works,Auto Repair Shops,+2340716961662,promotorworks@gmail.com,"34 Opebi Road, Namtari, Yola",Yola,Namtari,,https://promotorworks.ng,3.9,360,Google Maps / Web,,,,2026-06-27 03:04:25,NGA-591787
Royal Cuisine,Restaurants,+2340910904093,royalcuisine@gmail.com,"29 Adeyemo Alakija Street, Isabo, Abeokuta",Abeokuta,Isabo,,https://royalcuisine.biz,5.0,38,Google Maps / Web,,,,2026-06-27 03:04:25,NGA-424207
Blue Sports Bar,Bars,+2340915926678,bluesportsbar@gmail.com,"145 Opebi Road, Ojoo, Ibadan",Ibadan,Ojoo,,https://bluesportsbar.ng,4.5,416,Google Maps / Web,,,,2026-06-27 03:04:25,NGA-745620
Smart Digital Store,Electronics Shops,+2340703791656,smartdigitalstore@gmail.com,"91 Ojo Road, Okpuala, Umuahia",Umuahia,Okpuala,,https://smartdigitalstore.biz,3.6,475,Google Maps / Web,,,,2026-06-27 03:04:25,NGA-230995
Prime Barristers,Law Firms,+2340809514998,primebarristers@yahoo.com,"17 Akin Adesola Street, Ohuru, Aba",Aba,Ohuru,,https://primebarristers.ng,3.6,145,Google Maps / Web,,,,2026-06-27 03:04:25,NGA-235565
Fresh Coffee Shop,Coffee Shops,+2340906358873,freshcoffeeshop@gmail.com,"118 Independence Layout, Woji, Port Harcourt",Port Harcourt,Woji,,https://freshffeeshop.com,4.6,309,Google Maps / Web,,,,2026-06-27 03:04:25,NGA-876066
Snap Photo House,Photo Studios,+2340708143468,snapphotohouse@yahoo.com,"142 Igbosere Road, Birnin Yero, Kaduna",Kaduna,Birnin Yero,,https://snapphotohouse.biz,4.9,232,Google Maps / Web,,,,2026-06-27 03:04:25,NGA-206154
Electro Electronics Mart,Electronics Shops,+2340907081373,electroelectronicsmart@gmail.com,"106 Marina Road, Ezeogba, Owerri",Owerri,Ezeogba,,https://electroelectronicsmart.com,4.5,332,Google Maps / Web,,,,2026-06-27 03:04:25,NGA-134792
Fit Fitness Club,Gyms,+2340703201328,fitfitnessclub@gmail.com,"168 Victoria Island, Use, Benin City",Benin City,Use,,https://fitfitnessclub.com.ng,4.8,477,Google Maps / Web,,,,2026-06-27 03:04:25,NGA-957119
Outdoor Horticulture,Landscapers,+2340910394495,outdoorhorticulture@yahoo.com,"63 Ikorodu Road, Demsawo, Yola",Yola,Demsawo,,https://outdoorhorticulture.com,4.1,176,Google Maps / Web,,,,2026-06-27 03:04:25,NGA-501966
Sparkle Jewellers,Jewelry Stores,+2340808274050,sparklejewellers@hotmail.com,"130 Ajah, Owode, Oshogbo",Oshogbo,Owode,,https://sparklejewellers.biz,3.9,93,Google Maps / Web,,,,2026-06-27 03:04:25,NGA-779065
Blue Wine Bar,Bars,+2340808420836,bluewinebar@outlook.com,"155 Johnson Street, Badagry, Lagos",Lagos,Badagry,,https://bluewinebar.org.ng,3.8,312,Google Maps / Web,,,,2026-06-27 03:04:25,NGA-353620
Cute Grooming Studio,Pet Groomers,+2340907138523,cutegroomingstudio@hotmail.com,"181 Adeniyi Jones Avenue, Obio-Akpor, Port Harcourt",Port Harcourt,Obio-Akpor,,https://cutegroomingstudio.org.ng,4.9,228,Google Maps / Web,,,,2026-06-27 03:04:25,NGA-189169
Health Animal Clinic,Veterinary Clinics,+2340814901950,healthanimalclinic@outlook.com,"94 Abijo, Adankolo, Lokoja",Lokoja,Adankolo,,https://healthanimalclinic.org.ng,3.7,76,Google Maps / Web,,,,2026-06-27 03:04:25,NGA-690101
Bloom Lawn Care,Landscapers,+2340814081419,bloomlawncare@gmail.com,"80 Agungi, Owode, Oshogbo",Oshogbo,Owode,,https://bloomlawncare.com.ng,4.5,437,Google Maps / Web,,,,2026-06-27 03:04:25,NGA-976796
Garden Floral Design,Flower Shops,+2340702641013,gardenfloraldesign@yahoo.com,"163 Badagry Expressway, Wuro Hausa, Yola",Yola,Wuro Hausa,,https://gardenfloraldesign.com.ng,4.9,197,Google Maps / Web,,,,2026-06-27 03:04:25,NGA-441291
Diamond Beauty Lounge,Beauty Salons,+2340901949046,diamondbeautylounge@outlook.com,"31 Allen Avenue, Brahma Road, Lokoja",Lokoja,Brahma Road,,https://diamondbeautylounge.ng,4.0,81,Google Maps / Web,,,,2026-06-27 03:04:25,NGA-765057
Rose Flower Studio,Flower Shops,+2340914957878,roseflowerstudio@hotmail.com,"152 Adeola Odeku Street, Ijoka, Akure",Akure,Ijoka,,https://roseflowerstudio.com.ng,4.7,314,Google Maps / Web,,,,2026-06-27 03:04:25,NGA-944154
Happy Dog Grooming,Pet Groomers,+2340901043855,happydoggrooming@gmail.com,"120 Kakawa Street, Damboa, Maiduguri",Maiduguri,Damboa,,https://happydoggrooming.com,3.8,303,Google Maps / Web,,,,2026-06-27 03:04:25,NGA-999522
Clean Home Cleaning,Cleaning Services,+2340908619790,cleanhomecleaning@outlook.com,"193 Adeyemo Alakija Street, Girei, Yola",Yola,Girei,,https://cleanhomecleaning.com.ng,4.1,296,Google Maps / Web,,,,2026-06-27 03:04:25,NGA-465680
Nature Landscaping,Landscapers,+2340909654592,naturelandscaping@outlook.com,"58 Ola-Ayinde Street, Trans Amadi, Port Harcourt",Port Harcourt,Trans Amadi,,https://naturelandscaping.com,4.1,51,Google Maps / Web,,,,2026-06-27 03:04:25,NGA-502724
Royal Pastry House,Bakeries,+2340713448892,royalpastryhouse@outlook.com,"122 Maryland, Namtari, Yola",Yola,Namtari,,https://royalpastryhouse.com.ng,4.5,387,Google Maps / Web,,,,2026-06-27 03:04:25,NGA-967025
Elite Jewellery Centre,Jewelry Stores,+2340906500561,elitejewellerycentre@hotmail.com,"42 King George V Road, Airport Road, Benin City",Benin City,Airport Road,,https://elitejewellerycentre.org.ng,4.6,97,Google Maps / Web,,,,2026-06-27 03:04:25,NGA-472716
Core Workout Studio,Gyms,+2340913688857,coreworkoutstudio@yahoo.com,"148 Awolowo Way, Esuk Atu, Calabar",Calabar,Esuk Atu,,https://reworkoutstudio.biz,4.9,377,Google Maps / Web,,,,2026-06-27 03:04:25,NGA-509180
Life Medical Store,Pharmacies,+2340814370308,lifemedicalstore@gmail.com,"22 Ikorodu Road, Mokola, Ibadan",Ibadan,Mokola,,https://lifemedicalstore.org.ng,4.9,199,Google Maps / Web,,,,2026-06-27 03:04:25,NGA-256031
Frame Photo Studio,Photo Studios,+2340809487693,framephotostudio@gmail.com,"115 Kodesoh Street, Faulks Road, Aba",Aba,Faulks Road,,https://framephotostudio.com,3.8,336,Google Maps / Web,,,,2026-06-27 03:04:25,NGA-797170
Grand Pastry Shop,Bakeries,+2340919432870,grandpastryshop@outlook.com,"10 Billings Way, Yaba, Lagos",Lagos,Yaba,,https://grandpastryshop.biz,3.7,94,Google Maps / Web,,,,2026-06-27 03:04:25,NGA-500171
Pro Water Works,Plumbers,+2340802846788,prowaterworks@outlook.com,"124 Badagry Expressway, Oji River, Enugu",Enugu,Oji River,,https://prowaterworks.com.ng,4.5,263,Google Maps / Web,,,,2026-06-27 03:04:25,NGA-109450
Expert Auto Workshop,Auto Repair Shops,+2340914909380,expertautoworkshop@outlook.com,"45 Nnamdi Azikiwe Street, Oji River, Enugu",Enugu,Oji River,,https://expertautoworkshop.com.ng,4.7,21,Google Maps / Web,,,,2026-06-27 03:04:25,NGA-903611
Premium Caterers,Caterers,+2340813240181,premiumcaterers@gmail.com,"95 Awolowo Road, GRA, Benin City",Benin City,GRA,,https://premiumcaterers.com.ng,4.7,299,Google Maps / Web,,,,2026-06-27 03:04:25,NGA-626473
Health Dental Practice,Dental Clinics,+2340912240258,healthdentalpractice@hotmail.com,"22 Nnamdi Azikiwe Street, Ndume, Umuahia",Umuahia,Ndume,,https://healthdentalpractice.com,3.6,180,Google Maps / Web,,,,2026-06-27 03:04:25,NGA-368278
